Tribe Full Name,Tribe Alternate Name,Tribal Component,Salutation,First Name,Middle Name,Last Name,Suffix,Aka,Job Title,BIA Region,BIA Agency,Physical Address,City,State,Zipcode,Phone,Fax,Email,Website,Mailing Address,Mailing Address City,Mailing Address State,Mailing Address Zipcode,Date Elected,Next Election,Notes,ANCSA Region,BLM Region,BOR Region,FWS Region,LCC,NPS Region,USGS Region,Alaska Subsistence Region,LARtype,longitude,latitude,pointlocation,tribeshortname,tribalcomponentname,x,y
Absentee-Shawnee Tribe of Indians of Oklahoma,A-S Tribe,Tribe,,John,Raymond,Johnson,,,Governor,Southern Plains,Southern Plains Regional Office,2025 South Gordon Cooper Drive,Shawnee,Oklahoma,74801,(405) 275-4030,(405) 878-4543,jjohnson@astribe.com,https://www.astribe.com/,2025 South Gordon Cooper Drive,Shawnee,Oklahoma,74801,2023-06-17 00:00:00,2027-06-19 00:00:00,OSG,,New Mexico,Missouri Basin,Region 2 - Southwest,,Intermountain,Southwest,,Tribal Statistical Area,-96.92304,35.29546,Tribal Office,Absentee-Shawnee,,-10789424.0155,4204105.2761
Agdaagux Tribe of King Cove,King Cove,Tribe,,Etta,P,Kuzakin,,,President,Alaska,Alaska Regional Office,249 Rams Loop Rd.,King Cove,Alaska,99612,(907) 497-2648,(907) 497-2803,ettakuzakin@yahoo.com,https://agdaagux.com/,P.O. Box 249,King Cove,Alaska,99612,2013-12-01 00:00:00,2025-12-31 00:00:00,"Previously we had Etta being elected Dec 1, 2012 b",The Aleut Corp.,Alaska,,Region 7 - Alaska,Western Alaska,Alaska,Alaska,Kodiak/Aleutians,Alaska Native Village,-162.3144,55.0602,Tribal Office,Agdaagux,,-18068757.169,7373557.6893
"Agua Caliente Band of Cahuilla Indians of the Agua Caliente Indian Reservation, California",Agua Caliente Indian Reservation,Tribe,,Jeff,L.,Grubbe,,,Chairman,Pacific,Palm Springs Agency,5401 Dinah Shore Drive,Palm Springs,California,92264,(760) 699-6800,(760) 699-6919,laviles@aguacaliente.net,https://www.aguacaliente.org/,Agua Caliente Tribal Administration Plaza 5401 Dinah Shore Drive,Palm Springs,California,92264,2026-03-17 00:00:00,2028-03-17 00:00:00,Actual Election Date TBD.,,California,Lower Colorado,Region 8 - Pacific Southwest,California,Pacific West,Pacific,,Land Area Representation,-116.4881,33.80793,Tribal Office,Agua Caliente,,-12967395.764,4003041.2938
Ak-Chin Indian Community,,Tribe,,Gabriel,,Lopez,,,Chairman,Western,Pima Agency,42507 W. Peters & Nall Road,Maricopa,Arizona,85138,(520) 568-1000,,GLopez2@ak-chin.nsn.us,https://www.ak-chin.nsn.us/,42507 W. Peters & Nall Road,Maricopa,Arizona,85138,,,,,Arizona,Lower Colorado,Region 2 - Southwest,,Intermountain,Southwest,,Land Area Representation,-112.0243,32.99949,Tribal Office,Ak Chin,,-12470483.7467,3895236.1143
Akiachak Native Community,,Tribe,,Willie,,Kasayulie,,,Council Chairman,Alaska,Alaska Regional Office,51070 Main Street,Akiachak,Alaska,99551,(907) 825-4626,(907) 825-4029,tribaladmin@akiachak.org,https://akiachak.org/,P.O. Box 51070,Akiachak,Alaska,99551,2021-11-02 00:00:00,2025-11-04 00:00:00,Election listed as month/year.,Calista Corp.,Alaska,,Region 7 - Alaska,Western Alaska,Alaska,Alaska,Yukon-Kuskokwim Delta,Alaska Native Village,-161.4401,60.91047,City Center,Akiachak,,-17971426.2747,8605293.7793
Akiak Native Community,,Tribe,,Michael,P.,Williams,Sr.,,Chief,Alaska,Alaska Regional Office,81 Airport Road,Akiak,Alaska,99552,(907) 765-7112,(907) 765-7512,akiarmiu@yahoo.com,www.akiaknativecommunity.com,P.O. Box 52127,Akiak,Alaska,99552,2025-11-01 00:00:00,2028-11-01 00:00:00,Election listed as month/year.,Calista Corp.,Alaska,,Region 7 - Alaska,Western Alaska,Alaska,Alaska,Yukon-Kuskokwim Delta,Alaska Native Village,-161.224,60.9073,Tribal Office,Akiak,,-17947376.734,8604569.9803
Alabama-Coushatta Tribe of Texas,,Tribe,,Rick,,Sylestine,,,Chairman,Southern Plains,Southern Plains Regional Office,571 State Park Road 56,Livingston,Texas,77351,(936) 563-1100,(936) 563-1139,rick.sylestine@actribe.org,https://www.alabama-coushatta.com/,571 State Park Road 56,Livingston,Texas,77351,2026-01-30 00:00:00,2027-01-30 00:00:00,,,New Mexico,Missouri Basin,Region 2 - Southwest,,Intermountain,Southwest,,Land Area Representation,-94.67316,30.71393,Tribal Office,Alabama-Coushatta,,-10538967.6001,3595653.2352
Alabama-Quassarte Tribal Town,Alabama-Quassarte (AQ),Tribe,,* Wilson Yargee / Sam Marshall,,,,,*Chief (Subject to Tribal Leadership Dispute),Eastern Oklahoma,Okmulgee Agency,101 East Broadway,Wetumka,Oklahoma,74883,**(405)452-3987,(405) 452-3968,,http://www.alabama-quassarte.org,**P.O. Box 187,Wetumka,Oklahoma,74883,,,"*The Alabama-Quassarte Tribal Town is currently experiencing an intertribal leadership dispute.  This information is based on information provided by the disputing leaders and does not reflect a decision as to whom the Okmulgee Agency or the Eastern Oklahoma Region, BIA, officially recognizes as the Tribal leader.  **Last known official mailing address and telephone number pending intertribal leadership dispute resolution.",,New Mexico,Missouri Basin,Region 2 - Southwest,,Intermountain,Southwest,,Federally Recognized Tribal Entity,-96.24134,35.23753,Tribal Office,Alabama-Quassarte Tribal Town,,-10713537.0333,4196207.0035
Alatna Village,Alatna Tribal Council,Tribe,,Harding,,Sam,,,1st Chief,Alaska,Fairbanks Agency,#7 Oscar Way,Allakeket,Alaska,99720,(907) 968-2304,(907) 968-2305,alatnavillage@outlook.com,https://www.tananachiefs.org/about/communities/alatna/,P.O. Box 70 #7 Oscar Way,Allakaket,Alaska,99720,2023-01-01 00:00:00,2025-01-31 00:00:00,,Doyon Ltd.,Alaska,,Region 7 - Alaska,Northwest Boreal,Alaska,Alaska,Western Interior,Alaska Native Village,-152.7032,66.55346,Tribal Office,Alatna,,-16998839.3496,10029992.3657
Aleut Community of St. Paul Island (See Pribilof Islands Aleut Communities of St. Paul & St. George Islands) (previously listed as Saint Paul Island (See Pribilof Islands Aleut Communities of St. Paul & St. George Islands)),Pribilof Islands Aleut Communities,Tribe,,John,W,Melovidov,,,President,Alaska,Alaska Regional Office,2050 Venia Minor Road,St. Paul Island,Alaska,99660,907-615-5300,907-546-3254,Info@aleut.com,https://www.aleut.com/,P.O. Box 86,St. Paul Island,Alaska,99660,2025-03-07 00:00:00,2027-03-01 00:00:00,Three-year term ends 2028.,The Aleut Corp.,Alaska,,Region 7 - Alaska,Aleutian and Bering Sea Islands,Alaska,Alaska,Kodiak/Aleutians,Alaska Native Village,-170.2726,57.12618,Tribal Office,Saint Paul,,-18954653.1947,7785952.3196
Algaaciq Native Village (St. Mary's),St. Mary's,Tribe,,Francis,H.,Thompson,,,President,Alaska,Alaska Regional Office,200 Paukan Avenue,St. Mary's,Alaska,99658,(907) 438-2932,(907) 438-2227,algaaciq@yahoo.com,https://www.algaaciq.org/,P.O. Box 48,St. Mary's,Alaska,99658,2024-01-20 00:00:00,2027-01-20 00:00:00,election listed as month/year.,Calista Corp.,Alaska,,Region 7 - Alaska,Western Alaska,Alaska,Alaska,Yukon-Kuskokwim Delta,Alaska Native Village,-163.1737,62.05174,Tribal Office,Algaaciq,,-18164413.2616,8871422.5869
Allakaket Village,,Tribe,,Pollack,,Simon,Jr.,,First Chief,Alaska,Fairbanks Agency,#6 Main Street,Allakaket,Alaska,99720,(907) 968-2237,(907) 968-2233,allakaketepa@yahoo.com; ebergman2022@outlook.com,https://www.tananachiefs.org/about/communities/allakaket/,P.O. Box 50,Allakaket,Alaska,99720,2023-10-01 00:00:00,2025-10-01 00:00:00,election listed as month/year,Doyon Ltd.,Alaska,,Region 7 - Alaska,Northwest Boreal,Alaska,Alaska,Western Interior,Alaska Native Village,-152.6446,66.56327,Tribal Office,Allakaket,,-16992323.3856,10032737.0736
"Alturas Indian Rancheria, California",,Tribe,,Phillip,,Del Rosa,,,Chairman,Pacific,Northern California Agency,901 County Road 56,Alturas,California,96101,(541) 941-2324,,alturasrancheria@gmail.com,https://caltribalfamilies.org/places/alturas-indian-rancheria/,901 County Road 56,Alturas,California,96101,,,Election details contact Tribe or Northern California Agency.,,California,California-Great Basin,Region 8 - Pacific Southwest,,Pacific West,Pacific,,Land Area Representation,-120.5239,41.47792,Tribal Office,Alturas,,-13416662.0485,5083092.472
Alutiiq Tribe of Old Harbor,"Native Village of Old Harbor, Village of Old Harbor, Old Harbor Tribal Council",Tribe,,Jeffrey,,Peterson,,,Chief,Alaska,Alaska Regional Office,1 Tsunami Drive,Old Harbor,Alaska,99643,(907) 290-3947,907-416-7488,atoh@alutiiqtribe.org; administrator@alutiiqtribe.org,https://sites.google.com/alutiiqtribe.org/main/home,P.O. Box 62,Old Harbor,Alaska,99643,2025-10-01 00:00:00,2026-10-01 00:00:00,Chief's 3 year term ends 2026.,Koniag Inc.,Alaska,,Region 7 - Alaska,Western Alaska,Alaska,Alaska,Kodiak/Aleutians,Alaska Native Village,-153.3055,57.20313,Tribal Office,Alutiiq,,-17065889.7171,7801750.171
Angoon Community Association,,Tribe,,Mary,Jean,Duncan,,,President,Alaska,Alaska Regional Office,315 Heendae St,Angoon,Alaska,99820,(907) 788-3411,(907) 788-3412,sduncan.agntribe@gmail.com; mjduncan53@gmail.com,,P.O. Box 328,Angoon,Alaska,99820,2025-12-29 00:00:00,2026-12-01 00:00:00,Election listed as month/year.  President's term ends 2027.,Sealaska Corp.,Alaska,,Region 7 - Alaska,North Pacific,Alaska,Alaska,Southeast,Alaska Native Village,-134.5845,57.50105,Tribal Office,Angoon,,-14981876.94,7863224.8238
Anvik Village,,Tribe,,Nathan,,Elswick,,,First Chief,Alaska,Fairbanks Agency,10 Airport Road,Anvik,Alaska,99558,(907) 663-6322,(866) 524-5035,anvik.tribal@gmail.com,https://anviktribalcouncil.com/,P.O. Box 10,Anvik,Alaska,99558,2024-02-01 00:00:00,2026-02-01 00:00:00,2 Year Term; election listed as month/year.,Doyon Ltd.,Alaska,,Region 7 - Alaska,Northwest Boreal,Alaska,Alaska,Western Interior,Alaska Native Village,-160.1981,62.65224,Tribal Office,Anvik,,-17833175.3931,9015483.9564
Apache Tribe of Oklahoma,,Tribe,,Durell,,Cooper,III,,Chairman,Southern Plains,Anadarko Agency,511 East Colorado,Anadarko,Oklahoma,73005,(405) 247-9493,(405) 247-2763,durell.cooper@apachetribe.org,https://apachetribe.org/,P.O. Box 1330,Anadarko,Oklahoma,73005,2026-03-28 00:00:00,2028-03-18 00:00:00,,,New Mexico,Missouri Basin,Region 2 - Southwest,,Intermountain,Southwest,,Tribal Statistical Area,-98.23592,35.06596,Tribal Office,Apache Tribe of Oklahoma,,-10935573.0117,4172848.4518
Arctic Village (See Native Village of Venetie Tribal Government),,Tribe,,Galen,,Gilbert,,,First Chief,Alaska,Fairbanks Agency,,,Alaska,,(907) 587-5523,(907) 587-5128,avc@arcticvillage.gov; tiffany.yatlin@arcticvillage.gov,https://www.tananachiefs.org/about/communities/arctic-village/,P.O. Box 22069,Arctic Village,Alaska,99722,2022-12-22 00:00:00,2024-12-12 00:00:00,1st Chief's term is for two years (through 2022),Doyon Ltd.,Alaska,,Region 7 - Alaska,Arctic,Alaska,Alaska,Eastern Interior,Alaska Native Village,-145.5379,68.1273,City Center,Arctic Village,,-16201210.196,10484929.4365
Asa'carsarmiut Tribe,,Tribe,,James,C.,Landlord,,,First Chief,Alaska,Alaska Regional Office,Office #1 Old Airport Road,Mountain Village,Alaska,99632,(907) 591-2814,(907) 591-2811,atcoperations@asacarsarmiut.org; atcadmin@asacarsarmiut.org,,P.O. Box 32249,Mountain Village,Alaska,99632,2020-11-12 00:00:00,2024-11-30 00:00:00,,Calista Corp.,Alaska,,Region 7 - Alaska,Western Alaska,Alaska,Alaska,Yukon-Kuskokwim Delta,Alaska Native Village,-163.7274,62.08809,Tribal Office,Asa'carsarmiut,,-18226048.8599,8880059.5738
"Assiniboine and Sioux Tribes of the Fort Peck Indian Reservation, Montana",,Tribe,,Floyd,,Azure,,,Chairman,Rocky Mountain,Fort Peck Agency,501 Medicine Bear Road,Poplar,Montana,59255,(406) 768-2300,(406) 768-5478,Floyd.azure@fortpecktribes.net,https://fortpecktribes.org/,P.O. Box 1027,Poplar,Montana,59255,2025-10-28 00:00:00,2027-10-23 00:00:00,"Every 2-years, last Saturday in October",,Montana/Dakotas,Missouri Basin,Region 6 - Mountain-Prairie,,Intermountain,Northwest,,Land Area Representation,-105.1845,48.12414,Tribal Office,Assiniboine and Sioux,,-11709086.0146,6127531.8583
"Augustine Band of Cahuilla Indians, California",Augustine Reservation,Tribe,,Amanda,,Augustine,,,Chairperson,Pacific,Southern California Agency,84-001 Avenue 54,Coachella,California,92236,(760) 398-4722,(760) 398-4252,"info@augustinetribe-nsn.gov , avance@augustinetribe.com",https://tribe.augustinetribe-nsn.gov/,84-001 Avenue 54,Coachella,California,92236,2015-12-14 00:00:00,,Contact Tribe for election information.,,California,Lower Colorado,Region 8 - Pacific Southwest,,Pacific West,Pacific,,Land Area Representation,-116.198,33.65494,Tribal Office,Augustine,,-12935103.6717,3982562.1705
"Bad River Band of the Lake Superior Tribe of Chippewa Indians of the Bad River Reservation, Wisconsin",,Tribe,,Elizabeth,,"Arbuckle, Phd",,,Chairwoman,Midwest,Great Lakes Agency,72682 Maple Street,Ashland,Wisconsin,54806,(715) 682-7111,(715) 682-7118,e.arbuckle@badriver-nsn.gov,https://www.badriver-nsn.gov/,Post Office Box 39,Odanah,Wisconsin,54861,2023-11-07 00:00:00,2025-11-04 00:00:00,"1st Tuesday after 1st Monday, November of each year",,Eastern States,,Region 3 - Midwest,,Midwest,Midwest,,Land Area Representation,-90.66107,46.60026,Tribal Office,Bad River Band,,-10092344.3453,5877068.3313
"Bay Mills Indian Community, Michigan",,Tribe,,Whitney,,Gravelle,,,President,Midwest,Michigan Agency,12140 West Lakeshore Drive,Brimley,Michigan,49715,(906) 248-3241,(906) 248-3283,wgravelle@baymills.org,https://www.baymills.org/,12140 West Lakeshore Drive,Brimley,Michigan,49715,2023-11-01 00:00:00,2025-11-01 00:00:00,"November, odd numbered years",,Eastern States,,Region 3 - Midwest,,Midwest,Midwest,,Land Area Representation,-84.60201,46.45215,City Center,Bay Mills,,-9417852.9661,5853105.3778
"Bear River Band of the Rohnerville Rancheria, California",Rohnerville Rancheria,Tribe,,Josefina,,Frank,,,Chairperson,Pacific,Northern California Agency,266 Keisner Road,Loleta,California,95551,(707) 733-1900,(707) 733-1972,josefinafrank@brb-nsn.gov,https://www.bearriverrancheria.org/,266 Keisner Road,Loleta,California,95551,2024-03-30 00:00:00,2028-03-30 00:00:00,"Actual election date refer to Tribe or BIA, Northern California Agency.",,California,California-Great Basin,Region 8 - Pacific Southwest,,Pacific West,Pacific,,Land Area Representation,-124.2124,40.62574,Tribal Office,Bear River,,-13827260.5282,4957294.715
Beaver Village,Beaver Village Council,Tribe,,Rhonda,,Pitka,,,First Chief,Alaska,Fairbanks Agency,1600 Riverview Dr,Beaver,Alaska,99724,(907) 628-6126,(907) 628-6815,rpitka@beavercouncil.org;,https://www.tananachiefs.org/about/communities/beaver/,P.O. Box 24029,Beaver,Alaska,99724,2021-11-30 00:00:00,2024-11-30 00:00:00,3 year term,Doyon Ltd.,Alaska,,Region 7 - Alaska,Northwest Boreal,Alaska,Alaska,Eastern Interior,Alaska Native Village,-147.3972,66.35853,Tribal Office,Beaver,,-16408183.0406,9975666.9858
Berry Creek Rancheria of Maidu Indians of California,,Tribe,,Francis,,Steele,Jr.,,Chairman,Pacific,Central California Agency,5 Tyme Way,Oroville,California,95966,(530) 534-3859,(530) 534-1151,fsteele@berrycreekrancheria.com,https://www.berrycreekmaiduindians.org/,5 Tyme Way,Oroville,California,95966,2023-03-25 00:00:00,2027-03-25 00:00:00,Re-elected in 2023. Contact Tribe or Agency for actual election date.,,California,California-Great Basin,Region 8 - Pacific Southwest,California,Pacific West,Pacific,,Land Area Representation,-121.5036,39.50361,Tribal Office,Berry Creek,,-13525715.6088,4794068.0867
"Big Lagoon Rancheria, California",,Tribe,,Virgil,,Moorehead,,,Chairman,Pacific,Northern California Agency,708 9th Street,Arcata,California,95521,(707) 826-2079,(707) 826-0495,vmoorehead@earthlink.net,https://caltribalfamilies.org/places/big-lagoon-rancheria/,P.O. Box 3060,Trinidad,California,95570,,,Contact tribe for election information.,,California,California-Great Basin,Region 8 - Pacific Southwest,,Pacific West,Pacific,,Land Area Representation,-124.086,40.86899,Tribal Office,Big Lagoon,,-13813190.1676,4993036.5929
Big Pine Paiute Tribe of the Owens Valley,,Tribe,,Cheyenne,,Stone,,,Chairperson,Pacific,Central California Agency,825 South Main Street,Big Pine,California,93513,(760) 938-2003,(760) 938-2942,Cheyenne.Stone@bigpinepaiute.org,https://bigpinepaiute.org/,P.O. Box 700,Big Pine,California,93513,2023-07-01 00:00:00,2025-06-30 00:00:00,Contact tribe for election information or consult with Central California Agency for specific election dates and information.,,California,Lower Colorado,Region 8 - Pacific Southwest,,Pacific West,Pacific,,Land Area Representation,-118.2897,37.15775,Tribal Office,Big Pine Reservation,,-13167950.3946,4461117.8577
Big Sandy Rancheria of Western Mono Indians of California,,Tribe,,Elizabeth,,Hutchins-Kipp,,,Chairperson,Pacific,Central California Agency,37387 Auberry Mission Road,Auberry,California,93602,(559) 855-4003,(559) 855-4129,chairman@bsrnation.com,https://www.bigsandyrancheria.com/,P.O. Box 337,Auberry,California,93602,2024-09-01 00:00:00,2026-09-01 00:00:00,Contact Tribe for election information.,,California,California-Great Basin,Region 8 - Pacific Southwest,California,Pacific West,Pacific,,Land Area Representation,-119.464,37.08273,Tribal Office,Big Sandy,,-13298672.9951,4450643.9393
"Big Valley Band of Pomo Indians of the Big Valley Rancheria, California",,Tribe,,Flaman,,McCloud,Jr.,,Chairman,Pacific,Central California Agency,2726 Mission Rancheria Road,Lakeport,California,95453,(707) 263-3924,(707) 263-3977,fmccloud@big-valley.net,https://www.bvrancheria.com/,2726 Mission Rancheria Road,Lakeport,California,95453,2024-12-14 00:00:00,2027-11-01 00:00:00,Actual election date in 2023 to be set by Tribe.,,California,California-Great Basin,Region 8 - Pacific Southwest,California,Pacific West,Pacific,,Land Area Representation,-122.8872,39.02211,Tribal Office,Big Valley Rancheria,,-13679735.3638,4724839.6799
Birch Creek Tribe,Birch Creek Tribal Council,Tribe,,Jacqueline,,Baalam,,,1st Chief,Alaska,Fairbanks Agency,"615 Bidwill Avenue, Suite 123",Fairbanks,Alaska,99701,(907) 374-9925,(907) 374-9909,admin@birchcreektribe.org; victoria@birchcreektribe.org,https://birchcreektribe.org/,P.O. Box Birch Creek,Fort Yukon,Alaska,99740,2024-09-30 00:00:00,2025-09-01 00:00:00,2 year term ends 2026; election listed as month/year.,Doyon Ltd.,Alaska,,Region 7 - Alaska,Northwest Boreal,Alaska,Alaska,Eastern Interior,Alaska Native Village,-147.7143,64.81688,Tribal Office,Birch Creek,,-16443478.4548,9560300.9725
Bishop Paiute Tribe,,Tribe,,Emma,,Williams,,,Chairwoman,Pacific,Central California Agency,50 Tu Su Lane,Bishop,California,93514,(760) 873-3584,(760) 873-4143,steven.orihuela@bishoppaiute.org,https://www.bishoppaiutetribe.com/,50 Tu Su Lane,Bishop,California,93514,2024-07-14 00:00:00,2028-07-10 00:00:00,,,California,Lower Colorado,Region 8 - Pacific Southwest,,Pacific West,Pacific,,Land Area Representation,-118.4179,37.36212,Tribal Office,Bishop Paiute,,-13182219.0661,4489702.6546
Blackfeet Tribe of the Blackfeet Indian Reservation of Montana,,Tribe,,Terry,,Tatsey,,,Chairman,Rocky Mountain,Blackfeet Agency,640 All Chiefs Road,Browning,Montana,59417,(406) 338-7276,(406) 338-7530,t.tatsey@blackfeetnation.com,https://www.blackfeetnation.com,P.O. Box 850,Browning,Montana,59417,2023-06-17 00:00:00,2028-06-16 00:00:00,4 year terms,,Montana/Dakotas,Missouri Basin,Region 6 - Mountain-Prairie,,Intermountain,Northwest,,Land Area Representation,-113.0139,48.56229,Tribal Office,Blackfeet,,-12580647.3404,6200915.5769
"Blue Lake Rancheria, California",,Tribe,,Jason,,Ramos,,,Chairperson,Pacific,Northern California Agency,428 Chartin Road,Blue Lake,California,95525,(707) 668-5101,(707) 668-4272,lalbright@bluelakerancheria-nsn.gov,https://www.bluelakerancheria-nsn.gov/,P.O. Box 428,Blue Lake,California,95525,2022-01-08 00:00:00,2024-01-08 00:00:00,Actual election date refer to Tribe or BIA servicing Agency.,,California,California-Great Basin,Region 8 - Pacific Southwest,,Pacific West,Pacific,,Land Area Representation,-123.9986,40.88466,Tribal Office,Blue Lake,,-13803462.2913,4995344.2841
Bridgeport Indian Colony,,Tribe,,Joseph,,Sam,,,Chairman,Pacific,Central California Agency,355 Sage Brush Drive,Bridgeport,California,93517,(760) 932-7083,(760) 932-7846,chair@bridgeportindiancolony.com,http://www.bridgeportindiancolony.com,P.O. Box 37,Bridgeport,California,93517,2024-07-15 00:00:00,2025-07-15 00:00:00,Actual election date TBD.,,California,California-Great Basin,Region 8 - Pacific Southwest,California,Pacific West,Pacific,,Land Area Representation,-119.2158,38.26705,Tribal Office,Bridgeport,,-13271038.4658,4617220.255
Buena Vista Rancheria of Me-Wuk Indians of California,,Tribe,,Jessalynn,,Pastran,,,Chairwoman,Pacific,Central California Agency,"8950 Cal Center Dr., Ste. 160",Sacramento,California,95826,(916) 491-0011,(916) 491-0012,"jessalynn@bvtribe.com , info@BuenaVistaTribe.com",https://bvtribe.com/,"8950 Cal Center Dr., Ste 160",Sacramento,California,95826,2024-01-01 00:00:00,2028-01-01 00:00:00,,,California,California-Great Basin,Region 8 - Pacific Southwest,California,Pacific West,Pacific,,Land Area Representation,-121.4824,38.57159,Tribal Office,Buena Vista Rancheria,,-13523357.951,4660490.588
Burns Paiute Tribe,,Tribe,,Kennedy,,Tracy,,,Chairperson,Northwest,Warm Springs Agency,100 Pasigo Street,Burns,Oregon,97720,(541) 573-2088,(541) 573-2323,tracy.kennedy@burnspaiute-nsn.gov,https://burnspaiute-nsn.gov/,100 Pasigo Street,Burns,Oregon,97720,2021-08-08 00:00:00,2026-08-11 00:00:00,"Annual, August, Second Tuesday (Election Dates Vary)",,Oregon/Washington,Columbia-Pacific Northwest,Region 1 - Pacific,,Pacific West,Northwest,,Land Area Representation,-119.0694,43.611,Tribal Office,Burns Paiute,,-13254741.2479,5405439.5722
"Cabazon Band of Cahuilla Indians (previously listed as Cabazon Band of Mission Indians, California)",Cabazon Reservation,Tribe,,Doug,,Welmas,,,Chairman,Pacific,Pacific Regional Office,84-245 Indio Springs Parkway,Indio,California,92203,(760) 342-2593,(760) 347-7880,twilliamson@cabazonindians-nsn.gov,https://caltribalfamilies.org/places/cabazon-band-of-mission-indians/,84-245 Indio Springs Parkway,Indio,California,92203,2021-05-01 00:00:00,,Actual election date TBD.,,California,Lower Colorado,Region 8 - Pacific Southwest,,Pacific West,Pacific,,Land Area Representation,-116.1916,33.71856,Tribal Office,Cabazon,,-12934387.7093,3991074.2375
"Cachil DeHe Band of Wintun Indians of the Colusa Indian Community of the Colusa Rancheria, California",Colusa Rancheria,Tribe,,Wayne,,Mitchum,Jr.,,Chairman,Pacific,Central California Agency,3730 Highway 45,Colusa,California,95932,(530) 458-8231,(530) 458-3866,cicc@colusa-nsn.gov,https://www.colusa-nsn.gov/,3730 Highway 45,Colusa,California,95932,2025-01-01 00:00:00,2028-01-01 00:00:00,Election details contact the Tribe or the Central California Agency.,,California,California-Great Basin,Region 8 - Pacific Southwest,California,Pacific West,Pacific,,Land Area Representation,-122.0305,39.25117,Tribal Office,Cachil DeHe,,-13584376.7725,4757714.3547
Caddo Nation of Oklahoma,,Tribe,,Bobby,,Gonzalez,,,Chairman,Southern Plains,Anadarko Agency,"117 Memorial Lane Binger, OK 73009",Binger,Oklahoma,73009,(405) 656-2344,(405) 656-2892,bgonzalez@mycaddonation.com,https://mycaddonation.com/,P.O. Box 487,Binger,Oklahoma,73009,2025-06-21 00:00:00,2029-06-01 00:00:00,,,New Mexico,Missouri Basin,Region 2 - Southwest,,Intermountain,Southwest,,Tribal Statistical Area,-98.26465,35.29172,Tribal Office,Caddo,,-10938770.6273,4203595.3968
Cahto Tribe of the Laytonville Rancheria,Laytonville Rancheria,Tribe,,Misty,,Davidson,,,Chairwoman,Pacific,Central California Agency,300 Cahto Drive,Laytonville,California,95454,(707) 984-6197,(707) 984-6201,chair@cahtotribe-nsn.gov,https://caltribalfamilies.org/places/cahto-tribe-of-the-laytonville-rancheria/,P. O. Box 1239,Laytonville,California,95454,2018-07-02 00:00:00,2021-08-13 00:00:00,,,California,California-Great Basin,Region 8 - Pacific Southwest,,Pacific West,Pacific,,Land Area Representation,-123.4962,39.66902,Tribal Office,Cahto,,-13747532.4625,4817961.3282
Cahuilla Band of Indians,Cahuilla Reservation,Tribe,,Erica,,Schenk,,,Chairwoman,Pacific,Southern California Agency,52701 Highway 371,Anza,California,92539,(951) 763-5549,(951) 763-2808,"tribalcouncil@cahuilla-nsn.gov , chairman@cahuilla-nsn.gov",https://cahuilla-nsn.gov/,52701 Highway 371,Anza,California,92539,2016-01-10 00:00:00,2020-01-10 00:00:00,Actual election date TBD.,,California,Lower Colorado,Region 8 - Pacific Southwest,California,Pacific West,Pacific,,Land Area Representation,-116.7401,33.54079,Tribal Office,Cahuilla,,-12995443.9119,3967306.8323
"California Valley Miwok Tribe, California",,Tribe,,Antoinette,,Del Rio,,,Interim Chairwoman,Pacific,Central California Agency,,,California,,(209) 660-7122,,Chair@cvmt-nsn.gov,https://www.cvmt-nsn.gov,P.O. Box 695,San Andreas,California,95249,,,,,California,California-Great Basin,Region 8 - Pacific Southwest,California,Pacific West,Pacific,,Land Area Representation,-120.4645,38.20933,City Center,California Valley,,-13410043.2141,4609039.63
"Campo Band of Diegueno Mission Indians of the Campo Indian Reservation, California",Campo Indian Reservation,Tribe,,Marcus,,Cuerro,,,Chairman,Pacific,Southern California Agency,36190 Church Road Suite 1,Campo,California,91906,(619) 478-9046,(619) 478-5818,marcuscuero@campo-nsn.gov,https://www.campo-nsn.gov/,36190 Church Road Suite 1,Campo,California,91906,2020-04-28 00:00:00,2024-04-28 00:00:00,,,California,Lower Colorado,Region 8 - Pacific Southwest,California,Pacific West,Pacific,,Land Area Representation,-116.3652,32.64958,Tribal Office,Campo,,-12953709.2997,3848883.1526
"Capitan Grande Band of Diegueno Mission Indians of California (Barona Group of Capitan Grande Band of Mission Indians of the Barona Reservation, California; Viejas (Baron Long) Group of Capitan Grande Band of Mission Indians of the Viejas Reservation, California)",,Tribe,,,,,,,,Pacific,Pacific Regional Office,Please refer to affiliates for contact information,,California,,,,,,,,California,,,,,,,,,,,,,Land Area Representation,-116.8559,32.94245,Tribal Office,Capitan Grande,,-13008343.9373,3887667.342
"Capitan Grande Band of Diegueno Mission Indians of California: Barona Group of Capitan Grande Band of Mission Indians of the Barona Reservation, California",Barona Reservation,"Affiliate (band, community, village, island, etc...)",,Raymond,,Welch,,,Spokesman,Pacific,Southern California Agency,1095 Barona Road,Lakeside,California,92040,(619) 443-6612,(619) 443-0681,counciloffice@barona-nsn.gov,https://www.barona-nsn.gov/,1095 Barona Road,Lakeside,California,92040,2012-12-01 00:00:00,2016-12-01 00:00:00,Actual election date TBD.,,California,Lower Colorado,Region 8 - Pacific Southwest,California,Pacific West,Pacific,,Land Area Representation,-116.8605,32.94408,Tribal Office,Barona,,-13008853.5134,3887884.4219
"Capitan Grande Band of Diegueno Mission Indians of California: Viejas (Baron Long) Group of Capitan Grande Band of Mission Indians of the Viejas Reservation, California",Viejas Reservation,"Affiliate (band, community, village, island, etc...)",,John,,Christman,,,Chairman,Pacific,Southern California Agency,1 Viejas Grade Road,Alpine,California,91901,(619) 445-3810,(619) 445-5337,jchristman@viejas-nsn.gov,https://viejasbandofkumeyaay.org/,1 Viejas Grade Road,Alpine,California,91901,2018-11-10 00:00:00,2022-11-01 00:00:00,Actual election date TBD.,,California,Lower Colorado,Region 8 - Pacific Southwest,California,Pacific West,Pacific,,Land Area Representation,-116.6984,32.8546,Tribal Office,Viejas,,-12990801.3159,3876020.8724
Catawba Indian Nation,Catawba Indian Nation,Tribe,,Brian,,Harris,,,Chief,Eastern,Eastern Regional Office,996 Avenue of the Nations,Rock Hill,South Carolina,29730,(803) 366-4792,(803) 327-4853,brian.harris@catawba.com,https://www.catawba.com/,996 Avenue of the Nations,Rock Hill,South Carolina,29730,July 2023,July 2027,,,Eastern States,,Region 4 - Southeast,,Southeast,Southeast,,Land Area Representation,-80.8745,34.91323,Tribal Office,Catawba,,-9002907.7641,4152095.8129
Cayuga Nation,,Tribe,,Clint,,Halftown,,,Nation Representative,Eastern,Eastern Regional Office,2540 NY-89,Seneca Falls,New York,13148,315-568-0750,315-252-1092,april.gilson@gocayuga.com,https://cayuganation-nsn.gov/,P.O. Box 803,Seneca Falls,New York,13148,,,"Director, BIA upheld the decision to recognize Federal Representative Clint Halftown on July 22, 2017.",,Eastern States,,Region 5 - Northeast,,Northeast,Northeast,,Federally Recognized Tribal Entity,-76.75537,42.90189,Tribal Office,Cayuga Nation of New York,,-8544369.2005,5297050.2165
"Cedarville Rancheria, California",,Tribe,,Monique,,Davis,,,Chairperson,Pacific,Northern California Agency,300 West 1st Street,Alturas,California,96101,(530) 233-3969,(530) 233-4776,ccarlson@cedarvillerancheria.com,https://cedarvillerancheria.com/,300 West 1st Street,Alturas,California,96101,2024-02-14 00:00:00,2026-12-31 00:00:00,Actual election date TBD.,,California,California-Great Basin,Region 8 - Pacific Southwest,,Pacific West,Pacific,,Land Area Representation,-120.5453,41.48393,Tribal Office,Cedarville,,-13419036.6936,5083985.7857
Central Council of the Tlingit & Haida Indian Tribes,Central Council,Tribe,,Richard,J.,Peterson,,,President,Alaska,Alaska Regional Office,9097 Glacier Hwy,Juneau,Alaska,99801,800-344-1432,(888) 335-8981,otp@tlingitandhaida.gov,https://tlingitandhaida.gov/,P.O. Box 25500,Juneau,Alaska,99801,2024-04-01 00:00:00,2026-04-30 00:00:00,,Sealaska Corp.,Alaska,,Region 7 - Alaska,North Pacific,Alaska,Alaska,Southeast,Alaska Native Village,-134.5815,58.36184,Tribal Office,Tlingit & Haida,,-14981548.8369,8043715.897
Chalkyitsik Village,,Tribe,,Stephanie,,Herbert,,,First Chief,Alaska,Fairbanks Agency,,Chalkyitsik,Alaska,,(907) 848-8117,(907) 848-8986,nathanieljames965@gmail.com,https://www.tananachiefs.org/about/communities/chalkyitsik/,P.O. Box 57 102 Belle St.,Chalkyitsik,Alaska,99788,2024-01-01 00:00:00,2024-12-31 00:00:00,,Doyon Ltd.,Alaska,,Region 7 - Alaska,Northwest Boreal,Alaska,Alaska,Eastern Interior,Alaska Native Village,-143.7222,66.65429,Tribal Office,Chalkyitsik,,-15999087.0511,10058258.4351
Cheesh-Na Tribe,Native Village of Chistochina,Tribe,,Marilyn,,Beeter,,,President,Alaska,Alaska Regional Office,Mile 33.4 Tok Cutoff HWY,Gakona,Alaska,99586,(907) 822-3503,(907) 822-5179,mbeeter@cheeshna.com,https://www.cheeshna.com/,HC01 Box 217,Gakona,Alaska,99586,2024-05-09 00:00:00,2026-10-31 00:00:00,Three year term,Ahtna Inc.,Alaska,,Region 7 - Alaska,Northwest Boreal,Alaska,Alaska,Southcentral,Alaska Native Village,-144.6569,62.57735,Tribal Office,Cheesh-Na,,-16103130.6889,8997357.5717
"Chemehuevi Indian Tribe of the Chemehuevi Reservation, California",,Tribe,,Daniel,,Leivas,,,Chairman,Western,Colorado River Agency,1990 Palo Verde Drive,Havasu Lake,California,92363,(760) 858-4219,(760) 858-5400,chairman@cit-nsn.gov,https://chemehuevi.org/,P.O. Box 1976,Havasu Lake,California,92363,,,,,California,Lower Colorado,Region 8 - Pacific Southwest,,Pacific West,Pacific,,Land Area Representation,-114.3959,34.51464,Tribal Office,Chemehuevi,,-12734487.8933,4098116.3169
"Cher-Ae Heights Indian Community of the Trinidad Rancheria, California",Trinidad Rancheria,Tribe,,Garth,,Sundberg,Sr.,,Chairman,Pacific,Northern California Agency,1 Cher-ae Lane,Trinidad,California,95570,(707) 677-0211,(707) 677-3921,aatkins@trinidadrancheria.com,https://trinidad-rancheria.org/,P.O. Box 630,Trinidad,California,95570,2020-04-01 00:00:00,2024-04-01 00:00:00,Actual election date refer to Tribe or Northern California Agency.,,California,California-Great Basin,Region 8 - Pacific Southwest,,Pacific West,Pacific,,Land Area Representation,-124.131,41.05484,Tribal Office,Cher-Ae Heights,,-13818201.0475,5020433.9328
Cherokee Nation,Cherokee Nation,Tribe,,Chuck,,Hoskin,Jr.,,Principal Chief,Eastern Oklahoma,Eastern Oklahoma Regional Office,17675 South Muskogee Avenue,Tahlequah,Oklahoma,74464,(800) 256-0671,(918) 458-5580,chuck-hoskin@cherokee.org,https://www.cherokee.org/,P.O. Box 948,Tahlequah,Oklahoma,74465,2023-06-03 00:00:00,2027-06-25 00:00:00,,,New Mexico,Missouri Basin,Region 2 - Southwest,Eastern Tallgrass Prairie and Big Rivers,Intermountain,Southwest,,Tribal Statistical Area,-94.99117,35.85217,Tribal Office,Cherokee Nation,,-10574368.9848,4280298.5547
Chevak Native Village,,Tribe,,Esther,,Friday,,,First Chief,Alaska,Alaska Regional Office,140 Aurora Street,Chevak,Alaska,99563,(907) 858-7428,(907) 858-7812,info@chevaktc.gov; admin@chevaktc.gov,,P.O. Box 140,Chevak,Alaska,99563,2022-10-04 00:00:00,2025-10-04 00:00:00,,Calista Corp.,Alaska,,Region 7 - Alaska,Western Alaska,Alaska,Alaska,Yukon-Kuskokwim Delta,Alaska Native Village,-165.5905,61.52854,Tribal Office,Chevak,,-18433446.4221,8748207.0745
"Cheyenne River Sioux Tribe of the Cheyenne River Reservation, South Dakota",,Tribe,,Ryman,,LeBeau,,,Chairman,Great Plains,Cheyenne River Agency,24 E. Street,Eagle Butte,South Dakota,57625,(605) 964-4155,(605) 964-4151,ChairmanLeBeau@CRSTmail.com,https://www.cheyenneriversioux.com/,P.O. Box 590,Eagle Butte,South Dakota,57625,2022-11-06 00:00:00,2026-11-06 00:00:00,,,Montana/Dakotas,Missouri Basin,Region 6 - Mountain-Prairie,,Midwest,Midwest,,Land Area Representation,-101.2358,45.00217,Tribal Office,Cheyenne River Sioux Tribe,,-11269519.0507,5621862.6684
"Cheyenne and Arapaho Tribes, Oklahoma",,Tribe,,Reggie,,Wassana,,,Governor,Southern Plains,Concho Agency,100 Red Moon Circle,Concho,Oklahoma,73022,(800) 247-4612,(405) 422-8224,rwassana@c-a-tribes.org,https://www.cheyenneandarapaho-nsn.gov/,P.O. Box 38,Concho,Oklahoma,73022,2025-12-31 00:00:00,2029-12-31 00:00:00,,,New Mexico,Missouri Basin,Region 2 - Southwest,,Intermountain,Southwest,,Tribal Statistical Area,-97.99076,35.60696,Tribal Office,Cheyenne and Arapaho Tribes,,-10908281.5947,4246673.6183
Chickahominy Indian Tribe,,Tribe,,Stephen,"R,",Adkins,,,Chief,Eastern,Eastern Regional Office,8200 Lott Cary Road,Providence Forge,Virginia,23140,804-829-2027,,Stephen.Adkins@chickhominytribe.org; info@chickahominytribe.org,https://www.chickahominytribe.org/,8200 Lott Cary Road,Providence Forge,Virginia,23140,,,Tribe was newly recognized in January 2018 by the President,,Eastern States,,Region 5 - Northeast,,Northeast,Northeast,,Federally Recognized Tribal Entity,-77.1253,37.41195,Tribal Office,Chickahominy,,-8585548.8505,4496683.265
Chickahominy Indian Tribe—Eastern Division,,Tribe,,Joanne,,Howard,,,Chief,Eastern,Eastern Regional Office,2895 Mount Pleasant Road,Providence Forge,Virginia,23140,804-966-7815,,Joanne.Howard@cit-ed.org,https://www.cied.org/,2895 Mount Pleasant Road,Providence Forge,Virginia,23140,,,Tribe was newly recognized in January 2018 by the President,,Eastern States,,Region 5 - Northeast,,Northeast,Northeast,,Federally Recognized Tribal Entity,-76.9826,37.43239,Tribal Office,Chickahominy—Eastern Division,,-8569664.3863,4499549.2733
Chickaloon Native Village,,Tribe,,Gary,,Harrison,,,Chairman,Alaska,Alaska Regional Office,9255 N Glenn Highway,Palmer,Alaska,99645,(907) 745-0749,(907) 745-0709,cvadmin@chickaloon-nsn.gov,https://www.chickaloon.org/,P.O. Box 1105,Chickaloon,Alaska,99674,2013-11-01 00:00:00,2024-11-01 00:00:00,Council positions at-will with no term limits. Traditional Chief is for life.,Cook Inlet Region Inc.,Alaska,,Region 7 - Alaska,North Pacific,Alaska,Alaska,Southcentral,Alaska Native Village,-149.0198,61.67694,Tribal Office,Chickaloon,,-16588804.4804,8782942.8332
Chicken Ranch Rancheria of Me-Wuk Indians of California,Chicken Ranch Rancheria,Tribe,,Joseph,,Mathiesen-Powell,,,Chairman,Pacific,Central California Agency,9195 Tribal Way,Jamestown,California,95327,(209) 984-9066,(209) 984-9269,"jmathiesen@crtribal.com, mfox@crtribal.com",https://chickenranchrancheria.org/home,P.O. Box 1159,Jamestown,California,95327,2017-01-04 00:00:00,2020-01-04 00:00:00,,,California,California-Great Basin,Region 8 - Pacific Southwest,California,Pacific West,Pacific,,Land Area Representation,-120.4477,37.92885,Tribal Office,Chicken Ranch,,-13408177.9302,4569379.1421
Chignik Bay Tribal Council,Native Village of Chignik,Tribe,,Roderick,,Carlson,,,President,Alaska,Alaska Regional Office,101 Anderson Road,Chignik,Alaska,99564,(907) 749-4018,(907) 749-2423,cbaytc@aol.com,https://bbna.com/our-communities/chignik-bay-tribal-council/,P.O. Box 50,Chignik,Alaska,99564,2024-08-13 00:00:00,2025-08-13 00:00:00,4 year term,Bristol Bay Native Corp.,Alaska,,Region 7 - Alaska,Western Alaska,Alaska,Alaska,Bristol Bay,Alaska Native Village,-158.4145,56.30122,Tribal Office,Chignik Bay,,-17634617.2219,7618615.0525
Chignik Lake Village,,Tribe,,Terry,,Stepanoff,,,President,Alaska,Alaska Regional Office,,,Alaska,,(907) 845-4041,(907) 845-2217,chigniklakevillagecouncil@gmail.com,,P.O. Box 48033,Chignik Lake,Alaska,99548,2025-01-01 00:00:00,2026-01-01 00:00:00,,Bristol Bay Native Corp.,Alaska,,Region 7 - Alaska,Western Alaska,Alaska,Alaska,Bristol Bay,Alaska Native Village,-158.7641,56.25475,City Center,Chignik Lake,,-17673538.6681,7609297.0888
Chilkat Indian Village (Klukwan),Klukwan,Tribe,,Kimberly,,Strong,,,President,Alaska,Alaska Regional Office,32 Chilkat Avenue,Klukwan,Alaska,99827,(907) 767-5505,(907) 767-5518,klukwan@chilkat-nsn.gov,https://chilkat-nsn.gov/,HC 60 Box 2207,Haines,Alaska,99827,2025-05-30 00:00:00,2026-05-30 00:00:00,President has one-year term.,Sealaska Corp.,Alaska,,Region 7 - Alaska,North Pacific,Alaska,Alaska,Southeast,Alaska Native Village,-135.8901,59.3988,Tribal Office,Chilkat,,-15127219.4298,8267087.1619
Chilkoot Indian Association (Haines),Haines,Tribe,Mr.,James,,Hart,,,President,Alaska,Alaska Regional Office,124 3rd Ave South,Haines,Alaska,99827,(907) 766-2323,(907) 766-2365,hbrouillette@chilkoot-nsn.gov,https://www.chilkoot-nsn.gov/,P.O. Box 490,Haines,Alaska,99827,2024-05-01 00:00:00,2025-05-30 00:00:00,Next election listed as month/year,Sealaska Corp.,Alaska,,Region 7 - Alaska,North Pacific,Alaska,Alaska,Southeast,Alaska Native Village,-135.4474,59.23386,Tribal Office,Chilkoot,,-15077931.4228,8231104.637
Chinik Eskimo Community (Golovin),Golovin,Tribe,,Dean,,Peterson,,,President,Alaska,Alaska Regional Office,,,Alaska,,(907) 779-2214,907-779-2000,tc.glv@kawerak.org,https://kawerak.org/,P.O. Box 62020,Golovin,Alaska,99762,2000-02-22 00:00:00,2026-02-20 00:00:00,,Bering Straits Native Corp.,Alaska,,Region 7 - Alaska,Western Alaska,Alaska,Alaska,Seward Peninsula,Alaska Native Village,-163.0372,64.54268,City Center,Chinik,,-18149220.8006,9488928.7679
"Chippewa Cree Indians of the Rocky Boy's Reservation, Montana",,Tribe,,Harlan,,Baker,,,Chairman,Rocky Mountain,Rocky Boy's Field Office,Chippewa Cree Tribal Council 31 Agency Square,Box Elder,Montana,59521,(406) 395-4282,(406) 395-4382,chairman@chippewa-cree.org,https://www.rmtlc.org/tribes-we-serve/chippewa-cree-of-rocky-boy/,96 Clinic Road,Box Elder,Montana,59521,2024-11-05 00:00:00,2029-11-06 00:00:00,,,Montana/Dakotas,Missouri Basin,Region 6 - Mountain-Prairie,,Intermountain,Northwest,,Land Area Representation,-109.7822,48.26295,Tribal Office,Chippewa-Cree,,-12220901.5633,6150711.8772
Chitimacha Tribe of Louisiana,,Tribe,,Melissa,M.,Darden,,,Chairman,Eastern,Eastern Regional Office,155 Chitimacha Loop,Charenton,Louisiana,70523,(337) 923-4973,(337) 923-6848,info@chitimacha.gov,https://www.chitimacha.gov/,P.O. Box 661,Charenton,Louisiana,70523,2017-06-01 00:00:00,2019-06-01 00:00:00,"Will not be sworn in until August 1, 2017.",,Eastern States,,Region 4 - Southeast,,Southeast,Southeast,,Land Area Representation,-91.52771,29.88691,Tribal Office,Chitimacha,,-10188818.0662,3489021.3788
Chuloonawick Native Village,,Tribe,,Thomas,,Myomick,,,President,Alaska,Alaska Regional Office,245 Kwiguk Street,Emmonak,Alaska,99581,(907) 949-1345,(907) 949-1346,chuloonawicknativevillage@gmail.com,,P.O. Box 245,Emmonak,Alaska,99581,2024-10-01 00:00:00,2026-10-01 00:00:00,3 year term ending 2027.,Calista Corp.,Alaska,,Region 7 - Alaska,Western Alaska,Alaska,Alaska,Yukon-Kuskokwim Delta,Alaska Native Village,-164.5298,62.77663,Tribal Office,Chuloonawick,,-18315379.5342,9045687.7244
Circle Native Community,,Tribe,,Dennis,,Carroll,,,1st Chief,Alaska,Fairbanks Agency,,,Alaska,,(907) 773-2822,(907) 773-2823,jessica.fields@tananachiefs.org,https://www.tananachiefs.org/about/communities/circle/,P.O. Box 89,Circle,Alaska,99733,,,,Doyon Ltd.,Alaska,,Region 7 - Alaska,Northwest Boreal,Alaska,Alaska,Eastern Interior,Alaska Native Village,-144.0639,65.82492,Tribal Office,Circle,,-16037121.7708,9829091.1359
"Citizen Potawatomi Nation, Oklahoma",,Tribe,,John,,Barrett,,Rocky,Chairman,Southern Plains,Southern Plains Regional Office,1601 South Gordon Cooper Drive,Shawnee,Oklahoma,74801,(405) 275-3121,(405) 275-0198,jbarrett@potawatomi.org,https://www.potawatomi.org/,1601 South Gordon Cooper Drive,Shawnee,Oklahoma,74801,2025-06-01 00:00:00,2029-06-01 00:00:00,OSG,,New Mexico,Missouri Basin,Region 2 - Southwest,,Intermountain,Southwest,,Tribal Statistical Area,-96.92454,35.30133,Tribal Office,Citizen Potawatomi Nation,,-10789590.1777,4204906.0184
Cloverdale Rancheria of Pomo Indians of California,Cloverdale Rancheria,Tribe,,Patricia,,Hermosillo,,,Chairwoman,Pacific,Central California Agency,"555 S. Cloverdale Boulevard, Suite 1",Cloverdale,California,95425,(707) 894-5775,(707) 894-5727,"melliott@cloverdalerancheria.com , littleacorn@cloverdalerancheria.com",https://cloverdalerancheria.com/,"555 S. Cloverdale Boulevard, Suite 1",Cloverdale,California,95425,,,Contact Tribe for election information.,,California,California-Great Basin,Region 8 - Pacific Southwest,California,Pacific West,Pacific,,Land Area Representation,-123.0189,38.7958,Tribal Office,Cloverdale,,-13694398.4891,4692464.3679
Cocopah Tribe of Arizona,,Tribe,,Sherry,,Cordova,,,Chairman,Western,Fort Yuma Agency,14515 S. Veterans Place,Somerton,Arizona,85350,(928) 627-2102,(928) 627-3173,cocotcsec@cocopah.com,https://www.cocopah.com/,14515 S. Veterans Drive,Somerton,Arizona,85350,,,,,Arizona,Lower Colorado,Region 2 - Southwest,,Intermountain,Southwest,,Land Area Representation,-114.7676,32.6157,Tribal Office,Cocopah,,-12775870.0569,3844404.4214
Coeur D'Alene Tribe,,Tribe,,Chief,J.,Allan,,,Chairman,Northwest,Coeur d'Alene Agency,850 A Street,Plummer,Idaho,83851,(208) 686-1800,(208) 686-8813,chief.allan@cdatribe-nsn.gov,https://www.cdatribe-nsn.gov/,P.O. Box 408,Plummer,Idaho,83851,2020-05-05 00:00:00,2028-05-06 00:00:00,"Annual, May, First Saturday (Chair Three Year Term)",,Idaho,Columbia-Pacific Northwest,Region 1 - Pacific,,Pacific West,Northwest,,Land Area Representation,-116.8867,47.33772,Tribal Office,Coeur D'Alene,,-13011770.0173,5997373.0528
Cold Springs Rancheria of Mono Indians of California,,Tribe,,Blossom,,Garcia,,,Chairwoman,Pacific,Central California Agency,32861 Sycamore Road #300,Tollhouse,California,May,(559) 214-1738,(559) 855-4445,"chairperson@coldspringsrancheria.gov , secretarytreasurer@coldspringsrancheria.gov",https://caltribalfamilies.org/places/cold-springs-rancheria-of-mono-indians/,P.O. Box 209,Tollhouse,California,93667,2025-12-20 00:00:00,2027-05-01 00:00:00,Election details contact Tribe or Central California Agency.,,California,California-Great Basin,Region 8 - Pacific Southwest,California,Pacific West,Pacific,,Land Area Representation,-119.3267,36.97046,Tribal Office,Cold Springs,,-13283388.996,4434989.9495
"Colorado River Indian Tribes of the Colorado River Indian Reservation, Arizona and California",,Tribe,,Amelia,,Flores,,,Chairwoman,Western,Colorado River Agency,26600 Mohave Road,Parker,Arizona,85344,(928) 669-9211,(928) 669-1216,amelia.flores@crit-nsn.gov,https://www.crit-nsn.gov/,26600 Mohave Road,Parker,Arizona,85344,,,,,Arizona,Lower Colorado,Region 2 - Southwest,,Intermountain,Southwest,,Land Area Representation,-114.3107,34.12897,Tribal Office,Colorado River,,-12725008.0034,4046132.8685
"Comanche Nation, Oklahoma",,Tribe,,Forrest,,Tahdooahnippah,,,Chairman,Southern Plains,Anadarko Agency,584 NW Bingo Road,Lawton,Oklahoma,73507,(580) 492-4988,(580) 492-3796,forrest.tahdooahnippah@comanchenation.com,https://www.comanchenation.com/,P.O. Box 908,Lawton,Oklahoma,73502,2026-05-09 00:00:00,2028-05-01 00:00:00,,,New Mexico,Missouri Basin,Region 2 - Southwest,,Intermountain,Southwest,,Tribal Statistical Area,-98.39989,34.72618,Tribal Office,Comanche Nation,,-10953826.1732,4126732.7361
Confederated Salish and Kootenai Tribes of the Flathead Reservation,,Tribe,,Michael,,Dolson,,,Chairman,Northwest,Flathead Agency,42487 Complex Boulevard,Pablo,Montana,59855,(406) 675-2700,(406) 675-2806,Michael.dolson@cskt.org,https://cskt.org/,P.O. Box 278,Pablo,Montana,59855,2024-01-05 00:00:00,2026-12-01 00:00:00,Every Two Years (Election Dates Vary),,Montana/Dakotas,Columbia-Pacific Northwest,Region 6 - Mountain-Prairie,,Intermountain,Northwest,,Land Area Representation,-114.1144,47.59634,Tribal Office,Confederated Salish,,-12703162.2992,6039960.4056
Confederated Tribes and Bands of the Yakama Nation,,Tribe,,Gerald,,Lewis,,,Chairman,Northwest,Yakama Agency,401 Fort Road,Toppenish,Washington,98948,(509) 865-5121,(509) 865-5528,gerald_lewis@yakama.com,https://www.yakama.com/,P.O. Box 151,Toppenish,Washington,98948,2022-10-19 00:00:00,2026-11-28 00:00:00,"Every Other Year, November, Last Week (Election Dates Vary)",,Oregon/Washington,Columbia-Pacific Northwest,Region 1 - Pacific,,Pacific West,Northwest,,Land Area Representation,-120.3386,46.37622,Tribal Office,Confederated Yakama,,-13396026.5986,5840844.5797
Confederated Tribes of Siletz Indians of Oregon,,Tribe,,Delores,,Pigsley,,,Chairwoman,Northwest,Northwest Regional Office,201 SE Swan Avenue,Siletz,Oregon,97380,(541) 444-2532,(541) 444-2307,dpigsley@msn.com,https://ctsi.nsn.us/,P.O. Box 549,Siletz,Oregon,97380,2017-02-04 00:00:00,2028-02-05 00:00:00,"Annual, February, First Saturday",,Oregon/Washington,Columbia-Pacific Northwest,Region 1 - Pacific,,Pacific West,Northwest,,Land Area Representation,-123.9166,44.71973,Tribal Office,Siletz Tribe,,-13794338.2564,5577506.161
Confederated Tribes of the Chehalis Reservation,,Tribe,,Sheilah,,Bray,,,Chairman,Northwest,Olympic Peninsula Agency,420 Howanut Road,Oakville,Washington,98568,(360) 273-5911,(360) 273-5914,sbray@chehalistribe.org,https://www.chehalistribe.org/,P.O. Box 536,Oakville,Washington,98568,2022-11-01 00:00:00,2026-11-06 00:00:00,"Every Two Years, November, First Saturday (Election Dates Vary)",,Oregon/Washington,Columbia-Pacific Northwest,Region 1 - Pacific,,Pacific West,Northwest,,Land Area Representation,-123.1724,46.81501,Tribal Office,Chehalis,,-13711493.256,5911930.4879
Confederated Tribes of the Colville Reservation,,Tribe,,Cindy,,Marchand,,,Chairman,Northwest,Colville Agency,21 Colville Street,Nespelem,Washington,99155,(509) 634-2200,(509) 634-4116,cindy.marchand.cbc@colvilletribes.com,https://www.colvilletribes.com/,P.O. Box 150,Nespelem,Washington,99155,2026-07-09 00:00:00,2027-06-05 00:00:00,"Annual, Election Date Set by Board (Election Dates Vary)",,Oregon/Washington,Columbia-Pacific Northwest,Region 1 - Pacific,,Pacific West,Northwest,,Land Area Representation,-118.9758,48.1334,Tribal Office,Confederated Colville,,-13244327.1203,6129075.9626
"Confederated Tribes of the Coos, Lower Umpqua and Siuslaw Indians",,Tribe,,Teresa,,Spangler,,,Chairwoman,Northwest,Northwest Regional Office,1245 Fulton Avenue,Coos Bay,Oregon,97420,(541) 888-9577,(541) 888-2853,tspangler@ctclusi.org,https://ctclusi.org/,1245 Fulton Avenue,Coos Bay,Oregon,97420,2026-04-12 00:00:00,2028-04-09 00:00:00,"Annual, April, Second Sunday (No Election Every Third Year)",,Oregon/Washington,Columbia-Pacific Northwest,Region 1 - Pacific,,Pacific West,Northwest,,Land Area Representation,-124.2644,43.38257,Tribal Office,Confederated Coos,,-13833045.112,5370385.1308
"Confederated Tribes of the Goshute Reservation, Nevada and Utah",,Tribe,,Amos,,Murphy,,,Chairman,Western,Eastern Nevada Agency,Commodore Ln,Ibapah,Utah,,(435) 234-1138,(435) 234-1162,amos.murphy@ctgr.us,https://www.ctgr.us/,P.O. Box 6104,Ibapah,Utah,84034,,,,,Utah,Upper Colorado,Region 6 - Mountain-Prairie,,Intermountain,Southwest,,Land Area Representation,-113.9795,39.9948,Tribal Office,Confederated Goshute,,-12688140.7246,4865187.2949
Confederated Tribes of the Grand Ronde Community of Oregon,Grand Ronde,Tribe,,Cheryle,,Kennedy,,,Chairwoman,Northwest,Northwest Regional Office,9615 Grand Ronde Road,Grand Ronde,Oregon,97347,(503) 879-5211,(503) 879-5964,cheryle.kennedy@grandronde.org,https://www.grandronde.org/,9615 Grand Ronde Road,Grand Ronde,Oregon,97347,2017-09-20 00:00:00,2026-09-01 00:00:00,"Annual, September, Date Set by Board (Election Dates Vary)",,Oregon/Washington,Columbia-Pacific Northwest,Region 1 - Pacific,,Pacific West,Northwest,,Land Area Representation,-123.6125,45.0741,Tribal Office,Grand Ronde Tribes,,-13760481.0118,5633194.4061
Confederated Tribes of the Umatilla Indian Reservation,,Tribe,,Kathryn,,Brigham,,,Board of Trustees Chair,Northwest,Umatilla Agency,46411 Timine Way,Pendleton,Oregon,97801,(541) 276-3165,(541) 276-3095,katbrigham@ctuir.org,https://ctuir.org/,Nixyaawii Governance Center 46411 Ti'míne Way,Pendleton,Oregon,97801,2025-11-04 00:00:00,2027-11-02 00:00:00,"Odd Numbered Year, November, Second Tuesday (Election Dates Vary)",,Oregon/Washington,Columbia-Pacific Northwest,Region 1 - Pacific,,Pacific West,Northwest,,Land Area Representation,-118.6861,45.66537,Tribal Office,Umatilla Tribe,,-13212077.4964,5726885.8831
Confederated Tribes of the Warm Springs Reservation of Oregon,,Tribe,,Dennis,,"White, III",,,Chairman,Northwest,Warm Springs Agency,1233 Veterans Street,Warm Springs,Oregon,97761,(541) 553-1161,(541) 553-3241,dennis.w@wstribes.org,https://warmsprings-nsn.gov/,P.O. Box C,Warm Springs,Oregon,97761,2025-05-01 00:00:00,2026-05-01 00:00:00,"Odd Numbered Year, Date Set by Tribal Council (dates vary)",,Oregon/Washington,Columbia-Pacific Northwest,Region 1 - Pacific,,Pacific West,Northwest,,Land Area Representation,-121.2734,44.75801,Tribal Office,Warms Springs Tribe,,-13500093.068,5583505.3601
Coquille Indian Tribe,,Tribe,,Brenda,,Meade,,,Chairperson,Northwest,Northwest Regional Office,1340 North Bayshore Drive,Coos Bay,Oregon,97420,(541) 756-0904,(541) 756-0847,brendameade@coquilletribe.org,https://www.coquilletribe.org/,3050 Tremont Street,North Bend,Oregon,97459,2012-10-19 00:00:00,2026-10-19 00:00:00,"Annual, October, Third Week (Election Dates Vary)",,Oregon/Washington,Columbia-Pacific Northwest,Region 1 - Pacific,,Pacific West,Northwest,,Land Area Representation,-124.2152,43.37794,Tribal Office,Coquille,,-13827572.7553,5369675.6797
Coushatta Tribe of Louisiana,,Tribe,,David,,Sickey,,,Chairman,Eastern,Eastern Regional Office,1940 C.C. Bel Road,Elton,Louisiana,70532,(337) 584-1401,(337) 584-1507,MBell@coushatta.org,https://www.coushatta.org/,P.O. Box 818,Elton,Louisiana,70532,2021-06-01 00:00:00,2025-06-01 00:00:00,"Chairman resigned August 2024, Vice Chairman is Interim Chairman",,Eastern States,,Region 4 - Southeast,,Southeast,Southeast,,Land Area Representation,-92.71647,30.5232,Tribal Office,Coushatta,,-10321150.0961,3570981.7931
Cow Creek Band of Umpqua Tribe of Indians,,Tribe,,Carla,,Keene,,,Chairwoman,Northwest,Northwest Regional Office,2371 N.E. Stephens Suite 100,Roseburg,Oregon,97470,(541) 672-9405,(541) 673-0432,ckeene@cowcreek-nsn.gov,https://www.cowcreek-nsn.gov/,2371 N.E. Stephens Suite 100,Roseburg,Oregon,97470,2023-08-14 00:00:00,2026-08-09 00:00:00,"Annual, August, Second Sunday (Election Dates Vary)",,Oregon/Washington,Columbia-Pacific Northwest,Region 1 - Pacific,,Pacific West,Northwest,,Land Area Representation,-123.3517,43.23864,Tribal Office,Cow Creek,,-13731451.8055,5348366.0907
Cowlitz Indian Tribe,,Tribe,,William,,Iyall,,,Chairman,Northwest,Northwest Regional Office,1055-9th Avenue Suite B,Longview,Washington,98632,(360) 577-8140,(360) 577-7432,biyall@tc.cowlitz.org,https://www.cowlitz.org/,P.O. Box 2547,Longview,Washington,98632,2024-06-01 00:00:00,2026-06-06 00:00:00,"Annual, June, First Saturday (Election Dates Vary)",,Oregon/Washington,Columbia-Pacific Northwest,Region 1 - Pacific,,Pacific West,Northwest,,Land Area Representation,-122.9326,46.13224,Tribal Office,Cowlitz,,-13684793.7994,5801565.591
Coyote Valley Band of Pomo Indians of California,,Tribe,,Jennifer,,Feliz,,,Chairwoman,Pacific,Central California Agency,7601 North State Street,Redwood Valley,California,95470,(707) 485-8723,(707) 485-1247,"ed@coyotevalley-nsn.gov, tribalcfo@coyotevalley-nsn.gov",https://www.coyotevalleytribe.org/,7601 N. State St.,Redwood Valley,California,95470,2024-06-01 00:00:00,2027-12-31 00:00:00,,,California,California-Great Basin,Region 8 - Pacific Southwest,California,Pacific West,Pacific,,Land Area Representation,-123.2111,39.25325,Tribal Office,Coyote Valley,,-13715800.9084,4758012.1265
Craig Tribal Association,,Tribe,,Clinton,E.,Cook,Sr.,,President,Alaska,Alaska Regional Office,505 Front Street,Craig,Alaska,99921,(907) 826-3996,(907) 826-3997,tribal.admin@craigtribe.org; Clintoncooksr@craigtribe.org,http://www.craigtribe.org,P.O. Box 828,Craig,Alaska,99921,2024-04-05 00:00:00,2027-04-30 00:00:00,President's term ends 4/2024.,Sealaska Corp.,Alaska,,Region 7 - Alaska,North Pacific,Alaska,Alaska,Southeast,Alaska Native Village,-133.1501,55.47776,Tribal Office,Craig,,-14822197.9915,7455146.7303
"Crow Creek Sioux Tribe of the Crow Creek Reservation, South Dakota",,Tribe,,Peter,,Lengkeek,,,Chairman,Great Plains,Crow Creek Agency,100 Drifting Goose Street,Fort Thompson,South Dakota,57339,(605) 245-2221,(605) 245-2470,peterlengkeek@yahoo.com,https://sdtribalrelations.sd.gov/,P.O. Box 50,Fort Thompson,South Dakota,57339,04/2020,04/2024,,,Montana/Dakotas,Missouri Basin,Region 6 - Mountain-Prairie,,Midwest,Midwest,,Land Area Representation,-99.43978,44.07228,Tribal Office,Crow Creek,,-11069585.8067,5476634.638
Crow Tribe of Montana,,Tribe,,Frank,,Whiteclay,,,Chairman,Rocky Mountain,Crow Agency,43 Heritage RD,Crow Agency,Montana,59022,(406) 638-3715,(406) 638-3773,frank.whiteclay@crow-nsn.gov,http://www.crow-nsn.gov,P.O. Box 159,Crow Agency,Montana,59022,2020-11-07 00:00:00,2028-11-04 00:00:00,Every four years,,Montana/Dakotas,Missouri Basin,Region 6 - Mountain-Prairie,,Intermountain,Northwest,,Land Area Representation,-107.4512,45.58076,Tribal Office,Crow,,-11961417.3546,5713417.8222
Curyung Tribal Council,,Tribe,,Gayla,,Hoseth,,,First Chief,Alaska,Alaska Regional Office,715 Seward Street,Dillingham,Alaska,99576,(907) 842-2384,(907) 842-4510,tribaladmin@curyung.com,http://www.curyungtribe.com/,P.O. Box 216,Dillingham,Alaska,99576,2022-11-01 00:00:00,2025-11-01 00:00:00,Election listed as month/year; three-year term.,Bristol Bay Native Corp.,Alaska,,Region 7 - Alaska,Western Alaska,Alaska,Alaska,Bristol Bay,Alaska Native Village,-158.4648,59.04345,Tribal Office,Curyung,,-17640224.0173,8189784.7272
"Delaware Nation, Oklahoma",,Tribe,,Michael,,McLane,,,President,Southern Plains,Southern Plains Regional Office,"31064 State Highway 281, Building 100",Anadarko,Oklahoma,73005,(405) 247-2448,(405) 247-9393,mmclane@delawarenation-nsn.gov,https://www.delawarenation-nsn.gov/,P.O. Box 825,Anadarko,Oklahoma,73005,2025-06-30 00:00:00,2029-06-30 00:00:00,SELF-GOVERNANCE,,New Mexico,Missouri Basin,Region 2 - Southwest,Eastern Tallgrass Prairie and Big Rivers,Intermountain,Southwest,,Tribal Statistical Area,-98.25173,35.11225,Tribal Office,Delaware Nation,,-10937332.364,4179145.6477
Delaware Tribe of Indians,Delaware Tribe,Tribe,,Brad,,KillsCrow,,,Chief,Eastern Oklahoma,Miami Agency,5100 Tuxedo Blvd.,Bartlesville,Oklahoma,74006,(918) 337-6590,(918) 337-6591,bkillscrow@delawaretribe.org,https://delawaretribe.org/,5100 Tuxedo Blvd.,Bartlesville,Oklahoma,74006,2022-11-05 00:00:00,2026-11-07 00:00:00,,,New Mexico,Missouri Basin,Region 2 - Southwest,,Intermountain,Southwest,,Tribal Statistical Area,-95.91875,36.75821,Tribal Office,Delaware Tribe of Indians,,-10677626.068,4405457.1159
Douglas Indian Association,,Tribe,,Clarence,,Laiti,,,President,Alaska,Alaska Regional Office,811 W. 12th Street,Juneau,Alaska,99801,(907) 364-2916,(907) 364-2917,alaiti@diataku.com,https://diataku.com/,811 W. 12th Street,Juneau,Alaska,99801,,2015-01-01 00:00:00,The tribe stated that the president Clarence has b,Sealaska Corp.,Alaska,,Region 7 - Alaska,North Pacific,Alaska,Alaska,Southeast,Alaska Native Village,-134.4239,58.30263,Tribal Office,Douglas,,-14963996.7589,8031161.6455
"Dry Creek Rancheria Band of Pomo Indians, California",Dry Creek Rancheria,Tribe,,Chris,,Wright,,,Chairman,Pacific,Central California Agency,"1450 Airport Blvd., Suite 200A",Santa Rosa,California,95403,707-814-4150,707-814-4250,"chrisw@drycreekrancheria.com, lynnl@drycreekrancheria.com",https://drycreekrancheria.com/,P.O. Box 607,Geyserville,California,95441,2024-11-09 00:00:00,2026-11-09 00:00:00,,,California,California-Great Basin,Region 8 - Pacific Southwest,California,Pacific West,Pacific,,Land Area Representation,-122.7911,38.51062,Tribal Office,Dry Creek,,-13669037.8242,4651813.1059
"Duckwater Shoshone Tribe (previously listed as Duckwater Shoshone Tribe of the Duckwater Reservation, Nevada)",,Tribe,,Warren,,Graham,,,Chairman,Western,Eastern Nevada Agency,511 Duckwater Falls,Duckwater,Nevada,89314,(775) 863-0227,(775) 863-0301,chairman@duckwatertribe.org,https://duckwatertribe.org/,P.O. Box 140068,Duckwater,Nevada,89314,,,,,Nevada,California-Great Basin,Region 8 - Pacific Southwest,,Pacific West,Pacific,,Land Area Representation,-115.7157,38.93234,Tribal Office,Duckwater,,-12881411.7544,4711984.8489
Eastern Band of Cherokee Indians,,Tribe,,Michell,,Hicks,,,Principal Chief,Eastern,Cherokee Agency,88 Council House Loop Road,Cherokee,North Carolina,28719,(828) 359-7000,(828) 359-0344,pmyers@nc-cherokee.com: billtayl1@ebci-nsn.gov,https://www.ebci.gov/,Qualla Boundary P.O. Box 455,Cherokee,North Carolina,28719,2023-10-23 00:00:00,2027-09-01 00:00:00,,,Eastern States,,Region 4 - Southeast,,Southeast,Southeast,,Land Area Representation,-83.31817,35.48297,Tribal Office,Eastern Cherokee,,-9274936.1068,4229709.7246
Eastern Shawnee Tribe of Oklahoma,Eastern Shawnee,Tribe,,Glenna,J.,Wallace,,,Chief,Eastern Oklahoma,Miami Agency,127 West Oneida,Seneca,Missouri,64865,(918) 666-2435,(918) 666-2186,gjwallace@estoo.net,https://www.estoo-nsn.gov/,P.O. Box 350,Seneca,Missouri,64865,2022-09-10 00:00:00,2026-09-12 00:00:00,,,Eastern States,Missouri Basin,Region 3 - Midwest,Eastern Tallgrass Prairie and Big Rivers,Midwest,Midwest,,Tribal Statistical Area,-94.61935,36.83516,Tribal Office,Eastern Shawnee Tribe of Oklahoma,,-10532977.4849,4416155.4898
"Eastern Shoshone Tribe of the Wind River Reservation, Wyoming",,Tribe,,Wayland,,Large,,,Chairman,Rocky Mountain,Wind River Agency,14 North Fork Road,Fort Washakie,Wyoming,82514,(307) 332-4932,(307) 332-3055,wlarge@easternshoshone.org,https://easternshoshone.org/,P.O. Box 538,Fort Washakie,Wyoming,82514,2024-10-26 00:00:00,2028-10-21 00:00:00,,,Wyoming,Missouri Basin,Region 6 - Mountain-Prairie,,Intermountain,Northwest,,Land Area Representation,-108.8826,43.00383,Tribal Office,Eastern Shoshone,,-12120760.5642,5312554.2426
Egegik Village,,Tribe,,Justin,,Alto,,,First Chief,Alaska,Alaska Regional Office,289 Airport Road,Egegik,Alaska,99579,(907) 233-2211,(907) 233-2312,egegikvillage2013@yahoo.com,https://www.lakeandpen.com/village-egegik,P.O. Box 29,Egegik,Alaska,99579,2023-10-01 00:00:00,2026-10-01 00:00:00,Three Year Term,Bristol Bay Native Corp.,Alaska,,Region 7 - Alaska,Western Alaska,Alaska,Alaska,Bristol Bay,Alaska Native Village,-157.3751,58.20908,Tribal Office,Egegik,,-17518918.2887,8011367.4527
Eklutna Native Village,,Tribe,,Aaron,,Leggett,,,President,Alaska,Alaska Regional Office,26339 Eklutna Village Road,Chugiak,Alaska,99567,(907) 688-6020,(907) 688-6021,nve@eklutna.org,https://eklutna-nsn.gov/,26339 Eklutna Village Road,Chugiak,Alaska,99567,2024-04-01 00:00:00,2027-04-01 00:00:00,3 year term,Cook Inlet Region Inc.,Alaska,,Region 7 - Alaska,North Pacific,Alaska,Alaska,Southcentral,Alaska Native Village,-149.3616,61.45833,Tribal Office,Eklutna,,-16626854.1725,8731830.0652
"Elem Indian Colony of Pomo Indians of the Sulphur Bank Rancheria, California",Elem Indian Colony,Tribe,,Agustin,,Garcia,,,Chairman,Pacific,Central California Agency,"1400 North Dutton, Ste. 7",Santa Rosa,California,95401,(707) 541-6516,(707) 994-3408,agarcia@elemindiancolony.com,http://www.elemindiancolony.org/,P.O. Box 757,Lower Lake,California,95457,,,Election details contact Tribe or the Central California Agency.,,California,California-Great Basin,Region 8 - Pacific Southwest,California,Pacific West,Pacific,,Land Area Representation,-122.7344,38.45184,Tribal Office,Elem,,-13662727.2818,4643453.145
"Elk Valley Rancheria, California",,Tribe,,Dale,,Miller,,,Chairman,Pacific,Northern California Agency,2332 Howland Hill Road,Crescent City,California,95531,(707) 464-4680,(707) 464-4519,jgisler@elk-valley.com,https://elk-valley.com/,2332 Howland Hill Road,Crescent City,California,95531,2021-01-01 00:00:00,2025-12-31 00:00:00,Actual election date contact Tribe or Northern California Agency,,California,California-Great Basin,Region 8 - Pacific Southwest,,Pacific West,Pacific,,Land Area Representation,-124.1579,41.75856,Tribal Office,Elk Valley,,-13821192.2801,5124881.2624
Ely Shoshone Tribe of Nevada,,Tribe,,Alvin,S.,Marques,,,Chairman,Western,Eastern Nevada Agency,505 S. Pioche Highway,Ely,Nevada,89301,(775) 289-3013,(775) 289-3156,chairperson@elyshoshonetribe.com,https://www.elyshoshonetribe.com/,505 S. Pioche Highway,Ely,Nevada,89301,,,,,Nevada,California-Great Basin,Region 8 - Pacific Southwest,,Pacific West,Pacific,,Land Area Representation,-114.8675,39.23881,Tribal Office,Ely Shoshone,,-12786990.5085,4755936.9672
Emmonak Village,,Tribe,,Melvin,J,Gregory,,,President,Alaska,Alaska Regional Office,49 Old Airport Way,Emmonak,Alaska,99581,(907) 949-1720,(907) 949-1384,emktribal@gmail.com,https://cityofemmonak.org/community-1,P.O. Box 126,Emmonak,Alaska,99581,2020-10-03 00:00:00,2024-10-03 00:00:00,President's 3-year term ending 2025.,Calista Corp.,Alaska,,Region 7 - Alaska,Western Alaska,Alaska,Alaska,Yukon-Kuskokwim Delta,Alaska Native Village,-164.5298,62.7769,Tribal Office,Emmonak,,-18315375.4265,9045754.2764
Enterprise Rancheria of Maidu Indians of California,Enterprise Rancheria,Tribe,,Glenda,,Nelson,,,Chairwoman,Pacific,Central California Agency,2133 Monte Vista Avenue,Oroville,California,95966,(530) 532-9214,(530) 532-1768,"info@enterpriserancheria.org, glendan@enterpriserancheria.org",https://enterpriserancheria.org/,2133 Monte Vista Avenue,Oroville,California,95966,2025-01-01 00:00:00,2029-01-01 00:00:00,,,California,California-Great Basin,Region 8 - Pacific Southwest,California,Pacific West,Pacific,,Land Area Representation,-121.5468,39.47699,Tribal Office,Enterprise,,-13530529.442,4790227.8518
Evansville Village (aka Bettles Field),Bettles Field,Tribe,,Frank,,Thompson,,,1st Chief,Alaska,Fairbanks Agency,101 Hickle Highway,Bettles Field,Alaska,99726,(907) 692-5005,(907) 692-5006,evansvillealaska@gmail.com;,https://www.tananachiefs.org/about/communities/evansville/,PO Box 26087,Bettles Field,Alaska,99726,2024-02-07 00:00:00,2025-02-07 00:00:00,,Doyon Ltd.,Alaska,,Region 7 - Alaska,Northwest Boreal,Alaska,Alaska,Western Interior,Alaska Native Village,-151.5059,66.92465,Tribal Office,Evansville,,-16865556.8127,10134625.2471
"Ewiiaapaayp Band of Kumeyaay Indians (previously listed as Ewiiaapaayp Band of Kumeyaay Indians, California)",Cuyapaipe Reservation,Tribe,,Robert,,Pinto,Sr.,,Chairman,Pacific,Pacific Regional Office,4054 Willows Road,Alpine,California,91901,(619) 445-6315,(619) 445-9126,ceo@ebki-nsn.gov,https://sctca.net/ewiiaapaayp-band-of-kumeyaay-indians/,4054 Willows Road,Alpine,California,91901,,,Actual election date TBD.,,California,Lower Colorado,Region 8 - Pacific Southwest,,Pacific West,Pacific,,Land Area Representation,-116.7263,32.83592,Tribal Office,Ewiiaapaayp,,-12993908.2017,3873545.6698
"Federated Indians of Graton Rancheria, California",Graton Rancheria,Tribe,,Greg,,Sarris,,,Chairman,Pacific,Central California Agency,6400 Redwood Drive Suite 300,Rohnert Park,California,94928,(707) 566-2288,(707) 566-2291,info@gratonrancheria.com,https://gratonrancheria.com/,6400 Redwood Drive Suite 300,Rohnert Park,California,94928,,,Contact Tribe for election information.,,California,California-Great Basin,Region 8 - Pacific Southwest,California,Pacific West,Pacific,,Land Area Representation,-122.7161,38.34769,Tribal Office,Federated Indians of Graton,,-13660694.0536,4628660.4802
Flandreau Santee Sioux Tribe of South Dakota,,Tribe,,Ryan,,Kills-A-Hundred,,,President,Great Plains,Great Plains Regional Office,603 West Broad Avenue,Flandreau,South Dakota,57028,(605) 997-3891,(605) 997-3878,ryan.killshundred@fsst-nsn.gov,https://fsst-nsn.gov/,P.O. Box 283,Flandreau,South Dakota,57028,08/2018,08/2022,,,Montana/Dakotas,Missouri Basin,Region 6 - Mountain-Prairie,Eastern Tallgrass Prairie and Big Rivers,Midwest,Midwest,,Land Area Representation,-96.60329,44.04319,Tribal Office,Flandreau,,-10753829.5382,5472128.9614
"Forest County Potawatomi Community, Wisconsin",,Tribe,,Brooks,,Boyd,Sr.,,Chairman,Midwest,Great Lakes Agency,5416 Everybodys Road,Crandon,Wisconsin,54520,(715) 478-7200,(715) 478-5280,james.crawford@fcp-nsn.gov,https://www.fcpotawatomi.com/,Post Office Box 340,Crandon,Wisconsin,54520,2023-11-04 00:00:00,2025-11-01 00:00:00,"Saturday prior to Exec Council mtg, each year",,Eastern States,,Region 3 - Midwest,,Midwest,Midwest,,Land Area Representation,-88.84283,45.56834,Tribal Office,Forest County,,-9889938.2445,5711443.2393
Fort Belknap Indian Community of the Fort Belknap Reservation of Montana,,Tribe,,Randall,,Werk,Sr.,,President,Rocky Mountain,Fort Belknap Agency,158 Tribal Way,Harlem,Montana,59526,(406) 353-2205,(406) 353-2797,randall.werk@ftbelknap.org,https://ftbelknap.org/,"RR 1, Box 66",Harlem,Montana,59526,2025-11-04 00:00:00,2029-11-05 00:00:00,4 year terms,,Montana/Dakotas,Missouri Basin,Region 6 - Mountain-Prairie,,Intermountain,Northwest,,Land Area Representation,-108.761,48.4828,Tribal Office,Assiniboine and Gros Ventre Tribes,,-12107223.5576,6187555.2777
Fort Bidwell Indian Community of the Fort Bidwell Reservation of California,Fort Bidwell Reservation,Tribe,,Dean,,Townsend,,,Chairman,Pacific,Northern California Agency,130 Mee Thee Uh Road,Fort Bidwell,California,96112,(530) 537-0109,(530) 537-0108,kevintownsend26@gmail.com,https://caltribalfamilies.org/places/fort-bidwell-indian-community/,P.O. Box 129,Fort Bidwell,California,96112,2025-11-08 00:00:00,2027-12-31 00:00:00,Actual election date TBD.,,California,California-Great Basin,Region 8 - Pacific Southwest,,Pacific West,Pacific,,Land Area Representation,-120.1583,41.85823,Tribal Office,Fort Bidwell,,-13375962.7298,5139767.2446
"Fort Independence Indian Community of Paiute Indians of the Fort Independence Reservation, California",Fort Independence Reservation,Tribe,,Carl,,Dahlberg,,,Chairman,Pacific,Central California Agency,131 North Highway 395,Independence,California,93526,(760) 878-5160,(760) 878-2311,carl@fortindependence.com,https://fortindependence.com/,P.O. Box 67,Independence,California,93526,2024-01-08 00:00:00,2026-01-05 00:00:00,,,California,Lower Colorado,Region 8 - Pacific Southwest,,Pacific West,Pacific,,Land Area Representation,-118.2295,36.83516,Tribal Office,Fort Independence,,-13161245.1653,4416155.4898
"Fort McDermitt Paiute and Shoshone Tribes of the Fort McDermitt Indian Reservation, Nevada and Oregon",,Tribe,,David,,Hinkey,,,Chairman,Western,Western Nevada Agency,111 North Reservation Road,McDermitt,Nevada,89421,(775) 532-8259,(775) 532-8487,chairman@fmpst.org,https://www.fmpst.org/,P.O. Box 457,McDermitt,Nevada,89421,,,,,Nevada,California-Great Basin,Region 8 - Pacific Southwest,,Pacific West,Pacific,,Land Area Representation,-117.6216,41.97213,Tribal Office,Fort McDermitt,,-13093574.6145,5156804.9696
"Fort McDowell Yavapai Nation, Arizona",,Tribe,,Sandra,,Pattea,,,President,Western,Salt River Agency,17661 East Yavapai Road,Fort McDowell,Arizona,85264,(480) 789-7000,(480) 837-7957,Sandra.pattea@fmyn.org,https://www.fmyn.org/,P.O. Box 17779,Fountain Hills,Arizona,85269,,,,,Arizona,Lower Colorado,Region 2 - Southwest,,Intermountain,Southwest,,Land Area Representation,-111.6992,33.61932,Tribal Office,Fort McDowell,,-12434297.6096,3977800.3252
"Fort Mojave Indian Tribe of Arizona, California & Nevada",,Tribe,,Timothy,,Williams,,,Chairman,Western,Colorado River Agency,500 Merriman Avenue,Needles,California,92363,(760) 629-4591,(760) 629-2468,TimothyWilliams@fortmojave.com,https://www.fortmojaveindiantribe.com/,500 Merriman Avenue,Needles,California,92363,,,,,California,Lower Colorado,Region 8 - Pacific Southwest,,Pacific West,Pacific,,Land Area Representation,-114.6157,34.85242,Tribal Office,Fort Mojave,,-12758959.6355,4143843.7633
Fort Sill—Chiricahua—Warm Springs—Apache Tribe (previously listed as Fort Sill Apache Tribe of Oklahoma),,Tribe,,Jennifer,,Heminokeky,,,Chairwoman,Southern Plains,Southern Plains Regional Office,43187 US Highway 281,Apache,Oklahoma,73006,(580) 588-2298,(580) 588-3133,jennifer.heminokeky@fortsillapache-nsn.gov,https://fortsillapache-nsn.gov/,43187 US Highway 281,Apache,Oklahoma,73006,2025-10-01 00:00:00,2027-10-01 00:00:00,OSG,,New Mexico,Missouri Basin,Region 2 - Southwest,,Intermountain,Southwest,,Tribal Statistical Area,-98.35617,34.92841,Tribal Office,Fort Sill-Chiricahua-Warm Springs-Apache Tribe,,-10948959.1297,4154156.2415
"Gila River Indian Community of the Gila River Indian Reservation, Arizona",,Tribe,,Stephen,R.,Lewis,,,Governor,Western,Pima Agency,525 West Gu u Ki,Sacaton,Arizona,85147,(520) 562-9841,(520) 562-9849,stephen.lewis@gric.nsn.us,https://www.gilariver.org/,P.O. Box 97,Sacaton,Arizona,85147,,,,,Arizona,Lower Colorado,Region 2 - Southwest,,Intermountain,Southwest,,Land Area Representation,-111.7604,33.06942,Tribal Office,Gila River,,-12441108.1472,3904522.4254
"Grand Traverse Band of Ottawa and Chippewa Indians, Michigan",,Tribe,,Sandra,,Witherspoon,,,Chairwoman,Midwest,Michigan Agency,2605 N. West Bay Shore Drive,Peshawbestown,Michigan,49682,(231) 534-7129,(231) 534-7010,sandra.witherspoon@gtb-nsn.gov,https://www.gtbindians.org/,2605 N. West Bay Shore Drive,Peshawbestown,Michigan,49682,2024-05-07 00:00:00,2028-05-02 00:00:00,"May, even numbered years",,Eastern States,,Region 3 - Midwest,,Midwest,Midwest,,Land Area Representation,-85.60487,45.02076,Tribal Office,Grand Traverse,,-9529490.0959,5624790.2495
Greenville Rancheria,Greenville Rancheria,Tribe,,Kyle,,Self,,,Chairman,Pacific,Central California Agency,Physical address contact the Tribe.,,California,,(530) 284-7990,(530) 284-6612,"kself@greenvillerancheria.com , cjimenez@greenvillerancheria.com",https://www.grth.org/,P.O. Box 279,Greenville,California,95947,2021-01-01 00:00:00,2025-12-31 00:00:00,Election details contact the Tribe or the Central California Agency.,,California,California-Great Basin,Region 8 - Pacific Southwest,California,Pacific West,Pacific,,Land Area Representation,-120.9504,40.14068,Tribal Office,Greenville,,-13464134.5347,4886406.9458
Grindstone Indian Rancheria of Wintun-Wailaki Indians of California,Grindstone Indian Rancheria,Tribe,,Ronald,,Kirk,,,Chairman,Pacific,Central California Agency,3600 Phils Way Country Road 305,Elk Creek,California,95939,(530) 968-5365,(530) 968-5366,ronaldkirk70@gmail.com,https://caltribalfamilies.org/places/grindstone-indian-rancheria/,P.O. Box 63,Elk Creek,California,95939,,,Actual election date TBD.,,California,California-Great Basin,Region 8 - Pacific Southwest,California,Pacific West,Pacific,,Land Area Representation,-122.5221,39.67661,Tribal Office,Grindstone,,-13639099.7421,4819058.1201
Guidiville Rancheria of California,Guidiville Rancheria,Tribe,,Donald,,Duncan,,,Chairperson,Pacific,Central California Agency,401 B Talmage Road,Ukiah,California,95482,(707) 462-3682,(707) 462-9183,admin@guidiville.net,https://caltribalfamilies.org/places/guidiville-rancheria/,P.O. Box 339,Talmage,California,95481,,,Contact Tribe for election information.Informed by letter from Tribe dated 10/14/2020 that Merlene Sanchez (former Chairperson) passed away.,,California,California-Great Basin,Region 8 - Pacific Southwest,California,Pacific West,Pacific,,Land Area Representation,-123.2007,39.1357,Tribal Office,Guidiville,,-13714636.2254,4741128.8379
Gulkana Village Council,,Tribe,,Eileen,L.,Ewan,,,President,Alaska,Alaska Regional Office,127 Richardson Hwy,Gakona,Alaska,99586,(907) 822-3746,(907) 822-3976,adminassistant@gulkanacouncil.org,https://gulkanacouncil.org/,P.O. Box 254,Gakona,Alaska,99586,2023-07-01 00:00:00,2024-07-11 00:00:00,election listed as month/year.,Ahtna Inc.,Alaska,,Region 7 - Alaska,Northwest Boreal,Alaska,Alaska,Southcentral,Alaska Native Village,-145.3517,62.28976,Tribal Office,Gulkana,,-16180475.0703,8928178.7804
"Habematolel Pomo of Upper Lake, California",Upper Lake Rancheria,Tribe,,Danielle,,Cirelli,,,Chairperson,Pacific,Central California Agency,375 E. Highway 20 Suite 1,Upper Lake,California,95485,(707) 275-0737,(707) 275-0757,dcirelli@hpultribe-nsn.gov,https://www.hpultribe-nsn.gov/,P.O. Box 516,Upper Lake,California,95485,2020-06-14 00:00:00,2024-06-14 00:00:00,Election details contact Tribe or the Central California Agency.,,California,California-Great Basin,Region 8 - Pacific Southwest,California,Pacific West,Pacific,,Land Area Representation,-122.9106,39.16417,Tribal Office,Habematolel,,-13682346.5632,4745214.4781
"Hannahville Indian Community, Michigan",,Tribe,,Kenneth,,Meshigaud,,,Chairperson,Midwest,Michigan Agency,N15750 Hannahville B-1 Rd,Wilson,Michigan,49896,(906) 723-2602,(906) 466-2933,tyderyien@hannahville.org,https://hannahville.net/,N14911 Hannahville B1 Road,Wilson,Michigan,49896,2025-05-05 00:00:00,2028-05-01 00:00:00,1st Monday in May,,Eastern States,,Region 3 - Midwest,,Midwest,Midwest,,Land Area Representation,-87.34297,45.68248,Tribal Office,Hannahville,,-9722974.9695,5729611.7028
"Havasupai Tribe of the Havasupai Reservation, Arizona",,Tribe,,Melinda,,Yaiva,,,Chairwoman,Western,Truxton Canon Agency,10 Main St,Supai,Arizona,86435,(928) 433-8130,(928) 448-2551,htchair@havasupai-nsn.gov,https://theofficialhavasupaitribe.com/,P.O. Box 10,Supai,Arizona,86435,,,,,Arizona,Lower Colorado,Region 2 - Southwest,Southern Rockies,Intermountain,Southwest,,Land Area Representation,-112.6882,36.23631,Tribal Office,Havasupai,,-12544388.1555,4333186.5674
Healy Lake Village,Mendas Cha'ag,Tribe,,Alissa,,Perez,,,President,Alaska,Fairbanks Agency,"600 University Avenue, Suite 100",Fairbanks,Alaska,99709,(907) 371-4044,(907) 371-1898,Marie.haley@healylake.org; alissa.perez@healylake.org,https://www.healylake.org/,"600 University Avenue, Suite 100",Fairbanks,Alaska,99706,2024-07-13 00:00:00,2026-07-11 00:00:00,two year term,Doyon Ltd.,Alaska,,Region 7 - Alaska,Northwest Boreal,Alaska,Alaska,Eastern Interior,Alaska Native Village,-147.8136,64.84738,Tribal Office,Healy Lake,,-16454529.4412,9568285.4919
Ho-Chunk Nation of Wisconsin,,Tribe,,Jon,,Greendeer,,,President,Midwest,Great Lakes Agency,W9814 Airport Road,Black River Falls,Wisconsin,54615,(715) 284-9343,(715) 284-3172,Maasusga@Ho-Chunk.com,https://ho-chunknation.com/,P.O. Box 667 W9814 Airport Road,Black River Falls,Wisconsin,54615,2023-07-05 00:00:00,2027-06-01 00:00:00,"1st Tuesday in June, odd numbered years",,Eastern States,,Region 3 - Midwest,Eastern Tallgrass Prairie and Big Rivers,Midwest,Midwest,,Land Area Representation,-90.80251,44.3068,Tribal Office,Ho-Chunk,,-10108089.5233,5513043.7268
Hoh Indian Tribe,,Tribe,,Darlene,,Hollum,,,Chairwoman,Northwest,Olympic Peninsula Agency,2269 Lower Hoh Road,Forks,Washington,98331,(360) 374-6582,(360) 374-6549,darlene.hollum@hohtribe-nsn.org,https://hohtribe-nsn.org/,P.O. Box 2196,Forks,Washington,98331,2023-10-21 00:00:00,2026-10-24 00:00:00,"Annual, October, Third/Fourth Saturday (Election Dates Vary)",,Oregon/Washington,Columbia-Pacific Northwest,Region 1 - Pacific,,Pacific West,Northwest,,Land Area Representation,-124.4133,47.74088,Tribal Office,Hoh,,-13849627.4852,6063853.8443
Holy Cross Tribe,Holy Cross Village,Tribe,,David,J.,Turner,,,First Chief,Alaska,Fairbanks Agency,89 Front Street,Holy Cross,Alaska,99602,(907) 476-7124,(907) 476-7132,tessiana.paul@tananachiefs.org,https://www.tananachiefs.org/about/communities/holy-cross/,P.O. Box 89,Holy Cross,Alaska,99602,2024-10-01 00:00:00,2027-10-01 00:00:00,Election listed only as month and year,Doyon Ltd.,Alaska,,Region 7 - Alaska,Northwest Boreal,Alaska,Alaska,Western Interior,Alaska Native Village,-159.7723,62.19416,Tribal Office,Holy Cross,,-17785770.0436,8905329.4948
Hoonah Indian Association,,Tribe,,Frank,,Wright,Jr.,,President,Alaska,Alaska Regional Office,310 Hill Street,Hoonah,Alaska,99829,(907) 945-3545,(907) 945-3703,nathan.moulton@hiatribe.org,https://www.hoonahindianassociation.org/,P.O. Box 602,Hoonah,Alaska,99829,2023-12-01 00:00:00,2026-12-01 00:00:00,1 year term; election listed as month/year.,Sealaska Corp.,Alaska,,Region 7 - Alaska,North Pacific,Alaska,Alaska,Southeast,Alaska Native Village,-135.4446,58.10974,Tribal Office,Hoonah,,-15077624.2923,7990405.0502
"Hoopa Valley Tribe, California",,Tribe,,Joe,,Davis,,,Chairman,Pacific,Pacific Regional Office,11860 State Highway 96,Hoopa,California,95546,(530) 625-4211,(530) 625-4594,"hoopachairman@gmail.com , hvtaturner@gmail.com",https://www.hoopa-nsn.gov/,P.O. Box 1348,Hoopa,California,95546,2021-06-17 00:00:00,2023-06-11 00:00:00,,,California,California-Great Basin,Region 8 - Pacific Southwest,,Pacific West,Pacific,,Land Area Representation,-123.6812,41.05483,Tribal Office,Hoopa,,-13768126.1506,5020432.1559
Hopi Tribe of Arizona,,Tribe,,Lamar,,Keevama,,,Chairman,Western,Hopi Agency,123 Main Street,Kykotsmovi Village,Arizona,86039,(928) 734-3102,(928) 734-6665,Lakeevama@hopi.nsn.us,https://www.hopi-nsn.gov/,P.O. Box 123,Kykotsmovi,Arizona,86039,,,,,Arizona,Lower Colorado,Region 2 - Southwest,Southern Rockies,Intermountain,Southwest,,Land Area Representation,-110.6236,35.86871,Tribal Office,Hopi,,-12314562.3987,4282571.5402
"Hopland Band of Pomo Indians, California",Hopland Rancheria,Tribe,,Julian,,Maldonado,,,Chairman,Pacific,Central California Agency,3000 Shanel Road,Hopland,California,95449,(707) 472-2100,(707) 744-1506,"sjelliott@hoplandtribe.com , jmaldonado@hoplandtribe.com",https://www.hoplandtribe.com/,3000 Shanel Road,Hopland,California,95449,2026-03-07 00:00:00,2030-03-01 00:00:00,Actual election dates refer to Tribe or Agency.,,California,California-Great Basin,Region 8 - Pacific Southwest,California,Pacific West,Pacific,,Land Area Representation,-123.0576,38.97925,Tribal Office,Hopland,,-13698705.3405,4718700.0152
Houlton Band of Maliseet Indians,,Tribe,,Clarissa,,Sabattis,,,Tribal Chief,Eastern,Eastern Regional Office,88 Bell Road,Littleton,Maine,04730,(207) 532-4273,(207) 532-2660,csabattis@maliseets.com,https://maliseets.net/,88 Bell Road,Littleton,Maine,04730,2017-04-01 00:00:00,2021-04-01 00:00:00,,,Eastern States,,Region 5 - Northeast,North Atlantic,Northeast,Northeast,,Land Area Representation,-67.80962,46.18694,Tribal Office,Houlton,,-7548532.7834,5810357.7518
"Hualapai Indian Tribe of the Hualapai Indian Reservation, Arizona",,Tribe,,Duane,,Clarke,,,Chairperson,Western,Truxton Canon Agency,941 Hualapai Way,Peach Springs,Arizona,86434,(928) 769-2216,(928) 769-2343,duane.clarke@hualapai-nsn.gov,https://www.hualapai-nsn.gov/,P.O. Box 179,Peach Springs,Arizona,86434,2024-08-01 00:00:00,2028-06-01 00:00:00,,,Arizona,Lower Colorado,Region 2 - Southwest,Southern Rockies,Intermountain,Southwest,,Land Area Representation,-113.4199,35.53844,Tribal Office,Hualapai,,-12625844.5565,4237295.9764
Hughes Village,,Tribe,,Thelma,,Nicholia,,,First Chief,Alaska,Fairbanks Agency,110 Back Trail Road,Hughes,Alaska,99745,(907) 889-2239,(907) 889-2252,eileen.jackson@tananachiefs.org,https://www.tananachiefs.org/about/communities/hughes/,P.O. Box 45029,Hughes,Alaska,99745,2024-01-16 00:00:00,2025-01-16 00:00:00,Three Year Term,Doyon Ltd.,Alaska,,Region 7 - Alaska,Northwest Boreal,Alaska,Alaska,Western Interior,Alaska Native Village,-154.2581,66.04589,Tribal Office,Hughes,,-17171927.8439,9889417.7444
Huslia Village,,Tribe,,Dereck,,Starr,Sr.,,First Chief,Alaska,Fairbanks Agency,100 Dakli Building,Huslia,Alaska,99746,(907) 829-2294,(907) 829-2214,husliatribe@gmail.com,https://www.tananachiefs.org/about/communities/huslia/,P.O. Box 70,Huslia,Alaska,99746,2024-10-01 00:00:00,2026-10-01 00:00:00,First Chief's 3 year term ends 2027.,Doyon Ltd.,Alaska,,Region 7 - Alaska,Northwest Boreal,Alaska,Alaska,Western Interior,Alaska Native Village,-156.3828,65.70259,Tribal Office,Huslia,,-17408455.8467,9795918.7218
Hydaburg Cooperative Association,,Tribe,,Sidney,,Edenshaw,,,President,Alaska,Alaska Regional Office,89 Cedar Street,Hydaburg,Alaska,99922,(907) 285-3666,(907) 285-3541,sidedenshaw@gmail.com,https://hydaburgtribe.org/,P.O. Box 349,Hydaburg,Alaska,99922,2024-09-01 00:00:00,2027-09-01 00:00:00,1 year term,Sealaska Corp.,Alaska,,Region 7 - Alaska,North Pacific,Alaska,Alaska,Southeast,Alaska Native Village,-132.8284,55.2099,Tribal Office,Hydaburg,,-14786391.6654,7402709.4665
Igiugig Village,,Tribe,,AlexAnna,,Salmon,,,President,Alaska,Alaska Regional Office,4198 Main Street,Igiugig,Alaska,99613,(907) 533-3211,(907) 533-3217,igiugig.vc@gmail.com,https://www.igiugig.com/,P.O. Box 4008,Igiugig,Alaska,99613,2023-12-01 00:00:00,2024-12-31 00:00:00,3 year term,Bristol Bay Native Corp.,Alaska,,Region 7 - Alaska,Western Alaska,Alaska,Alaska,Bristol Bay,Alaska Native Village,-155.8943,59.32729,Tribal Office,Igiugig,,-17354075.9971,8251465.7043
"Iipay Nation of Santa Ysabel, California",Santa Ysabel Reservation,Tribe,,Kevin,,Osuna,,,Chairman,Pacific,Southern California Agency,101 School Canyon Road,Santa Ysabel,California,92070,(760) 765-0846,(760) 765-0320,bpaipa@iipaynation-nsn.gov,https://www.iipaynationofsantaysabel-nsn.gov/,P.O. Box 130,Santa Ysabel,California,92070,2022,,Election details contact Tribe or Southern California Agency.,,California,Lower Colorado,Region 8 - Pacific Southwest,California,Pacific West,Pacific,,Land Area Representation,-116.6726,33.15534,Tribal Office,Iipay Nation of Santa Ysabel,,-12987932.7439,3915941.21
"Inaja Band of Diegueno Mission Indians of the Inaja and Cosmit Reservation, California",Inaja and Cosmit Reservation,Tribe,,Rebecca,,Osuna,,,Chairperson,Pacific,Southern California Agency,2005 S. Escondido Boulevard,Escondido,California,92025,(760) 737-7628,(760) 747-8568,inaja_cosmit@hotmail.com,https://sctca.net/inaja-cosmit-band-of-indians/,2005 S. Escondido Boulevard,Escondido,California,92025,,,Contact Tribe for election information.,,California,Lower Colorado,Region 8 - Pacific Southwest,California,Pacific West,Pacific,,Land Area Representation,-117.0707,33.09967,Tribal Office,Inaja,,-13032254.2842,3908540.522
Inupiat Community of the Arctic Slope,ICAS,Tribe,,Nicole,,Wojciechowski,,,President,Alaska,Fairbanks Agency,6986 Ahmaogak Street,Barrow,Alaska,99723,(907) 852-4227,(907) 852-4246,morrie.lemen@icas-nsn.gov; nicole.wojciechowski@icas-nsn.gov,https://icas-nsn.gov/,P.O. Box 934,Barrow,Alaska,99723,2024-10-01 00:00:00,2026-10-01 00:00:00,Election listed as month and year; President's term ends 2027.,Arctic Slope Regional Corp.,Alaska,,Region 7 - Alaska,Arctic,Alaska,Alaska,North Slope,Alaska Native Village,-156.7433,71.30557,Tribal Office,Inupiat,,-17448582.7939,11507572.7807
Ione Band of Miwok Indians of California,,Tribe,,Sara,,Dutschke,,,Chairwoman,Pacific,Central California Agency,9252 Bush Street,Plymouth,California,95669,(209) 245-5800,(209) 245-3112,"sara@ionemiwok.net , kirsten.c@ionemiwok.net",https://ionemiwok.net/,P.O. Box 699,Plymouth,California,95669,2018-04-14 00:00:00,2021-04-14 00:00:00,,,California,California-Great Basin,Region 8 - Pacific Southwest,California,Pacific West,Pacific,,Federally Recognized Tribal Entity,-120.851,38.4728,Tribal Office,Ione,,-13453068.9989,4646433.2224
Iowa Tribe of Kansas and Nebraska,,Tribe,,Missty,,Slater,,,Chairwoman,Southern Plains,Horton Agency,3345 Thrasher Road,White Cloud,Kansas,66439,(785) 595-3258,(785) 595-6610,mslater@iowas.org,https://www.iowatribeofkansasandnebraska.com/,3345 Thrasher Road,White Cloud,Kansas,66439,2025-10-01 00:00:00,2028-10-01 00:00:00,,,New Mexico,Missouri Basin,Region 6 - Mountain-Prairie,Eastern Tallgrass Prairie and Big Rivers,Midwest,Southwest,,Land Area Representation,-95.36885,39.99309,Tribal Office,Iowa of Kansas,,-10616411.8986,4864938.4175
Iowa Tribe of Oklahoma,,Tribe,,Jacob,,Keyes,,,Chairman,Southern Plains,Southern Plains Regional Office,335588 East 750 Road,Perkins,Oklahoma,74059,(405) 547-2402,(405) 547-1032,jkeyes@iowanation.org,https://iowanation.org/,335588 East 750 Road,Perkins,Oklahoma,74059,2023-06-03 00:00:00,2026-06-06 00:00:00,,,New Mexico,Missouri Basin,Region 2 - Southwest,,Intermountain,Southwest,,Tribal Statistical Area,-97.02386,35.92867,Tribal Office,Iowa of Oklahoma,,-10800646.3694,4290811.2912
Iqugmiut Traditional Council,,Tribe,,Wassily,,Alexie,,,President,Alaska,Alaska Regional Office,P.O. Box 09,Russian Mission,Alaska,99657,(907) 584-5511,(907) 584-5593,iqugmiut71@yahoo.com,,P.O. Box 09,Russian Mission,Alaska,99657,2021-10-01 00:00:00,2024-10-01 00:00:00,President has a three year term,Calista Corp.,Alaska,,Region 7 - Alaska,Western Alaska,Alaska,Alaska,Yukon-Kuskokwim Delta,Alaska Native Village,-161.3274,61.7852,Tribal Office,Iqugmiut,,-17958888.9727,8808389.0699
Ivanof Bay Tribe,Ivanof Bay Village,Tribe,,Edgar,John,Shangin,,,President,Alaska,Alaska Regional Office,"6407 Brayton Drive, Suite 201",Anchorage,Alaska,99507,(907) 522-2263,(907) 522-2363,nicole@ivanofbaytribe.org,https://www.ivanofbaytribe.org/,"6407 Brayton Drive, Suite 201",Anchorage,Alaska,99507,2011-04-01 00:00:00,2013-01-01 00:00:00,,Bristol Bay Native Corp.,Alaska,,Region 7 - Alaska,Western Alaska,Alaska,Alaska,Bristol Bay,Alaska Native Village,-149.8547,61.1625,Tribal Office,Ivanof Bay,,-16681748.2068,8663231.8303
Jackson Band of Miwuk Indians,Jackson Rancheria,Tribe,,Adam,,Dalton,,,Chairman,Pacific,Central California Agency,12222 New York Ranch Road,Jackson,California,95642,(209) 223-1935,(209) 223-5366,mrullhausen@jacksoncasino.com,https://jacksoncasino.com/tribal/,P.O. Box 1090,Jackson,California,95642,2013-01-01 00:00:00,2015-01-01 00:00:00,Actual election date TBD.,,California,California-Great Basin,Region 8 - Pacific Southwest,California,Pacific West,Pacific,,Land Area Representation,-120.7343,38.38602,Tribal Office,Jackson,,-13440078.9494,4634102.0281
Jamestown S'Klallam Tribe,,Tribe,,W. Ron,,Allen,,,Chairman,Northwest,Olympic Peninsula Agency,1033 Old Blyn Highway,Sequim,Washington,98382,(360) 683-1109,(360) 681-4643,rallen@jamestowntribe.org,https://jamestowntribe.org/,1033 Old Blyn Highway,Sequim,Washington,98382,2023-11-07 00:00:00,2026-11-03 00:00:00,"Annual, November, First Tuesday",,Oregon/Washington,Columbia-Pacific Northwest,Region 1 - Pacific,,Pacific West,Northwest,,Land Area Representation,-122.9963,48.0255,Tribal Office,Jamestown,,-13691889.461,6111097.6479
Jamul Indian Village of California,,Tribe,,Erica,,Pinto,,,Chairwoman,Pacific,Southern California Agency,14191 Highway 94,Jamul,California,91935,(619) 669-4785,(619) 669-4817,"epinto@jamulindianvillage.com , epinto@jiv-nsn.gov",https://jamulindianvillage.com/,P.O. Box 612,Jamul,California,91935,2025-07-09 00:00:00,2029-06-01 00:00:00,Election dates contact Tribe or Southern California Agency,,California,Lower Colorado,Region 8 - Pacific Southwest,California,Pacific West,Pacific,,Land Area Representation,-116.8708,32.70339,Tribal Office,Jamul,,-13009997.0682,3856000.1172
Jena Band of Choctaw Indians,,Tribe,,Libby,,Rogers,,,Tribal Chief,Eastern,Eastern Regional Office,551 Tuska Hina,Trout,Louisiana,71371,(318) 992-2717,(318) 992-8244,lrogers@jenachoctaw.org,https://www.jenachoctaw.org/,P.O. Box 14,Jena,Louisiana,71342,2022-10-01 00:00:00,2026-10-01 00:00:00,,,Eastern States,,Region 4 - Southeast,,Southeast,Southeast,,Land Area Representation,-92.18833,31.69589,Tribal Office,Jena,,-10262358.1129,3723457.7152
"Jicarilla Apache Nation, New Mexico",,Tribe,,Adrian,,Notsinneh,,,President,Southwest,Jicarilla Agency,Building No. 25 Hawks Drive,Dulce,New Mexico,87528,(575) 759-3242,(575) 759-4471,adrian.notsinneh@janadmin.com,https://jicarillaoga.com/,P.O. Box 507,Dulce,New Mexico,87528,,,,,New Mexico,Upper Colorado,Region 2 - Southwest,Southern Rockies,Intermountain,Southwest,,Land Area Representation,-106.9893,36.93555,Tribal Office,Jicarilla Apache Nation,,-11909990.5447,4430126.6573
Kaguyak Village,,Tribe,,Phyllis,,Amodo,,,President,Alaska,Alaska Regional Office,,,Alaska,,(907) 836-2231,(907) 836-2345,sherry.eluska@kodiakhealthcare.org,,P.O. Box 5078,Akhiok,Alaska,99615,2016-11-01 00:00:00,,1 year terms,Koniag Inc.,Alaska,,Region 7 - Alaska,Western Alaska,Alaska,Alaska,Kodiak/Aleutians,Alaska Native Village,-154.1735,56.94551,City Center,Kaguyuk,,-17162511.2604,7748989.2674
"Kaibab Band of Paiute Indians of the Kaibab Indian Reservation, Arizona",,Tribe,,Roland,,Maldonado,,,Chairman,Western,Southern Paiute Agency,1st N. Pipe Springs Road,Fredonia,Arizona,86022,(928) 643-7245,888-939-3777,rmaldonado@kaibabpaiute-nsn.gov,https://www.kaibabpaiute-nsn.gov/index.php,"HC65, Box 2",Fredonia,Arizona,86022,,,,,Arizona,Lower Colorado,Region 2 - Southwest,Southern Rockies,Intermountain,Southwest,,Land Area Representation,-112.7362,36.85851,Tribal Office,Kaibab,,-12549737.903,4419402.5523
Kaktovik Village (aka Barter Island),Barter Island,Tribe,,George,,Kaleak,Sr.,,President,Alaska,Fairbanks Agency,834 8th Street,Kaktovik,Alaska,99747,(907) 640-2042/2043,(907) 640-2044,nvkaktovik@gmail.com; nvkaktovik.2k@gmail.com;,https://www.north-slope.org/our-communities/kaktovik/,P.O. Box 52,Kaktovik,Alaska,99747,2026-03-07 00:00:00,,,Arctic Slope Regional Corp.,Alaska,,Region 7 - Alaska,Arctic,Alaska,Alaska,North Slope,Alaska Native Village,-143.6131,70.12452,Tribal Office,Kaktovik,,-15986942.3953,11109366.3288
Kalispel Indian Community of the Kalispel Reservation,,Tribe,,Glen,,Nenema,,,Chairman,Northwest,Spokane Agency,1981 LeClerc Road North,Cusick,Washington,99119,(509) 445-1147,(509) 445-1705,gdnenema@kalispeltribe.com,https://www.kalispeltribe.com/,P.O. Box 39,Usk,Washington,99180,1978-06-14 00:00:00,2027-06-04 00:00:00,"Annual, June, First Friday",,Oregon/Washington,Columbia-Pacific Northwest,Region 1 - Pacific,,Pacific West,Northwest,,Land Area Representation,-117.272,48.34546,Tribal Office,Kalispel,,-13054664.779,6164519.9021
Karuk Tribe,,Tribe,,Russell,,Attebery,,,Chairman,Pacific,Pacific Regional Office,64236 2nd Avenue,Happy Camp,California,96039,(530) 493-1600,(530) 493-5322,battebery@karuk.us,https://www.karuk.us/,P.O. Box 1016,Happy Camp,California,96039,2020-11-01 00:00:00,2024-11-02 00:00:00,Actual election dates contact Tribe or BIA servicing agency.,,California,California-Great Basin,Region 8 - Pacific Southwest,,Pacific West,Pacific,,Land Area Representation,-123.3799,41.79111,Tribal Office,Karuk,,-13734582.3322,5129739.4921
"Kashia Band of Pomo Indians of the Stewarts Point Rancheria, California",Stewarts Point Rancheria,Tribe,,Kim,,Gentry,,,Chairperson,Pacific,Central California Agency,1440 Guerneville Road,Santa Rosa,California,95403,(707) 591-0580,(707) 591-0583,"kim@stewartspoint.org , vaughn@stewartspoint.org",https://www.stewartspoint.org/wp2/,1440 Guerneville Road,Santa Rosa,California,95403,2026-03-20 00:00:00,2028-03-20 00:00:00,Election details contact the Tribe or the Central California Agency.,,California,California-Great Basin,Region 8 - Pacific Southwest,California,Pacific West,Pacific,,Land Area Representation,-122.7345,38.45665,Tribal Office,Kashia,,-13662747.1839,4644136.8936
Kasigluk Traditional Elders Council,Kasigluk Traditional Council,Tribe,,Sam,,Tinker,Sr.,,President,Alaska,Alaska Regional Office,19 Tangerpagcaraq Road,Kasigluk,Alaska,99609,(907) 477-6405,(907) 477-6212,kasigluk.admin@gmail.com,,P.O. Box 19,Kasigluk,Alaska,99609,2025-02-18 00:00:00,2027-02-01 00:00:00,"Election listed only as month, year. 3 year term.",Calista Corp.,Alaska,,Region 7 - Alaska,Western Alaska,Alaska,Alaska,Yukon-Kuskokwim Delta,Alaska Native Village,-162.5164,60.87149,Tribal Office,Kasigluk,,-18091246.0662,8596375.744
"Kaw Nation, Oklahoma",,Tribe,,Kimberely,,Jenkins,,,Chairwoman,Southern Plains,Southern Plains Regional Office,698 Grandview Drive,Kaw City,Oklahoma,74641,(580) 269-2552,(580) 269-1157,kjenkins@kawnation.com,https://www.kawnation.gov/,Drawer 50,Kaw City,Oklahoma,74641,2022-09-30 00:00:00,2026-09-30 00:00:00,OSG,,New Mexico,Missouri Basin,Region 2 - Southwest,Eastern Tallgrass Prairie and Big Rivers,Intermountain,Southwest,,Tribal Statistical Area,-96.86334,36.76689,Tribal Office,Kaw,,-10782777.7379,4406664.0934
Kenaitze Indian Tribe,,Tribe,,Bernadine,,Atchison,,,Chairperson,Alaska,Alaska Regional Office,150 N. Willow Street,Kenai,Alaska,99611,(907) 335-7200,(907) 335-7239,BAtchison@kenaitze.org; sydneyclark@kenaitze.org,https://www.kenaitze.org/,P.O. Box 988,Kenai,Alaska,99611,2023-10-01 00:00:00,2025-10-31 00:00:00,,Cook Inlet Region Inc.,Alaska,,Region 7 - Alaska,Northwest Boreal,Alaska,Alaska,Southcentral,Alaska Native Village,-151.2469,60.56201,Tribal Office,Kenaitze,,-16836729.8624,8525939.9046
Ketchikan Indian Community,Ketchikan Indian Community,Tribe,,Norman,,Skan,,,President,Alaska,Alaska Regional Office,2960 Tongass Avenue,Ketchikan,Alaska,99901,(907) 228-9275,,aburns@kictribe.org;,https://www.kictribe.org/,2960 Tongass Avenue,Ketchikan,Alaska,99901,2024-01-15 00:00:00,2025-01-20 00:00:00,One year term; next election 1/17/2022,Sealaska Corp.,Alaska,,Region 7 - Alaska,North Pacific,Alaska,Alaska,Southeast,Alaska Native Village,-131.6849,55.35263,Tribal Office,Ketchikan,,-14659091.5826,7430608.2573
"Keweenaw Bay Indian Community, Michigan",,Tribe,,Everett,,Ekdahl,Jr.,,President,Midwest,Michigan Agency,16429 Beartown Road,Baraga,Michigan,49908,(906) 353-6623,(906) 353-7540,chairman@kbic-nsn.gov,https://www.kbic-nsn.gov/,16429 Beartown Road,Baraga,Michigan,49908,2026-01-01 00:00:00,2029-01-01 00:00:00,"December, each year",,Eastern States,,Region 3 - Midwest,,Midwest,Midwest,,Land Area Representation,-88.50835,46.78156,Tribal Office,Keweenaw,,-9852704.9194,5906490.923
Kialegee Tribal Town,Kialegee,Tribe,,Stephanie,,Yahola,,,Town King,Eastern Oklahoma,Okmulgee Agency,100 Kialegee Drive,Wetumka,Oklahoma,74883,(405) 452-3262,(405) 452-3413,stephanie.yahola@kialegeetribe.com,,P.O. Box 332,Wetumka,Oklahoma,74883,2025-06-12 00:00:00,2027-06-10 00:00:00,,,New Mexico,Missouri Basin,Region 2 - Southwest,,Intermountain,Southwest,,Federally Recognized Tribal Entity,-96.2813,35.23967,Tribal Office,Kialegee Tribal Town,,-10717984.8191,4196499.2
Kickapoo Traditional Tribe of Texas,,Tribe,,Estavio,,Elizondo,Sr.,,Chairman,Southern Plains,Southern Plains Regional Office,2212 Rosita Valley Road,Eagle Pass,Texas,78852,(830) 773-2105,(830) 757-9228,estavio.m.elizondo@ktttribe.org,https://kickapootexas.org/,2212 Rosita Valley Road,Eagle Pass,Texas,78852,2023-11-01 00:00:00,2027-11-01 00:00:00,,,New Mexico,Missouri Basin,Region 2 - Southwest,,Intermountain,Southwest,,Land Area Representation,-100.4338,28.6167,Tribal Office,Kickapoo of Texas,,-11180242.8474,3326950.546
Kickapoo Tribe of Indians of the Kickapoo Reservation in Kansas,,Tribe,,Priscilla,,Wakole,,,Chairwoman,Southern Plains,Southern Plains Regional Office,824 111th Drive,Horton,Kansas,66439,(785) 486-3419,(7850 486-2801,priscilla.wakole@ktik-nsn.gov,https://www.ktik-nsn.gov/,824 111th Drive,Horton,Kansas,66439,2023-10-01 00:00:00,2026-10-01 00:00:00,Updated Tribe's leadership and contact information,,New Mexico,Missouri Basin,Region 6 - Mountain-Prairie,Eastern Tallgrass Prairie and Big Rivers,Midwest,Southwest,,Land Area Representation,-95.65396,39.66922,Tribal Office,Kickapoo Tribe in Kansas,,-10648150.2509,4817989.4638
Kickapoo Tribe of Oklahoma,,Tribe,,Darwin,,Kaskaske,,,Chairman,Southern Plains,Southern Plains Regional Office,105365 South Highway 102,McCloud,Oklahoma,74851,(405) 964-7053,(405) 964-3788,darwin.kaskaske@okkt.net,https://www.kickapootribeofoklahoma.com/,P.O. Box 70,McLoud,Oklahoma,74851,2024-06-08 00:00:00,2027-06-12 00:00:00,OSG,,New Mexico,Missouri Basin,Region 2 - Southwest,,Intermountain,Southwest,,Tribal Statistical Area,-97.09074,35.48569,Tribal Office,Kickapoo of Oklahoma,,-10808091.3357,4230082.6026
King Island Native Community,,Tribe,,Megan,,Onders,,,Chief,Alaska,Alaska Regional Office,704 E. 4th Avenue,Nome,Alaska,99762,(907) 443-2209,(907) 443-8049,jknowlton@kawerak.org,https://www.kingislandnativecommunity.org/,P.O. Box 682,Nome,Alaska,99762,2025-12-31 00:00:00,2027-12-31 00:00:00,2 year term,Bering Straits Native Corp.,Alaska,,Region 7 - Alaska,Western Alaska,Alaska,Alaska,Seward Peninsula,Alaska Native Village,-165.3875,64.49721,Tribal Office,King Island,,-18410857.0369,9477162.8987
King Salmon Tribe,,Tribe,,Ralph,,Angasan,Sr.,,President,Alaska,Alaska Regional Office,.5 (1/2) Mile King Salmon Heights Road,King Salmon,Alaska,99613,(907) 469-3929,(907) 246-3449,ralphangasan1@icloud.com; bucko@kstribe.com,,P.O. Box 68,King Salmon,Alaska,99613,2012-01-30 00:00:00,,Lifetime appointment as President,Bristol Bay Native Corp.,Alaska,,Region 7 - Alaska,Western Alaska,Alaska,Alaska,Bristol Bay,Alaska Native Village,-156.6998,58.70292,Tribal Office,King Salmon,,-17443742.0325,8116450.9866
Kiowa Tribe (previously listed as Kiowa Indian Tribe of Oklahoma),,Tribe,,David,,Sullivan,,,Acting Chairman,Southern Plains,Anadarko Agency,100 Kiowa Way,Carnegie,Oklahoma,73015,(580) 654-2300,(580) 654-1788,dsullivan@kiowatribe.org,https://kiowatribe.org/,P.O. Box 369,Carnegie,Oklahoma,73015,2022-06-04 00:00:00,2026-06-06 00:00:00,Updated name:  Kiowa Tribe & Chairman,,New Mexico,Missouri Basin,Region 2 - Southwest,,Intermountain,Southwest,,Tribal Statistical Area,-98.61336,35.09679,Tribal Office,Kiowa Tribe,,-10977588.7468,4177041.834
Klamath Tribes,,Tribe,,William,E,Ray,Jr.,,Chairman,Northwest,Northwest Regional Office,501 Chiloquin Boulevard,Chiloquin,Oregon,97624,(541) 783-2219,(541) 783-2029,wray.council@klamathtribes.com,https://klamathtribes.org/,P.O. Box 436,Chiloquin,Oregon,97624,2022-05-01 00:00:00,2027-02-01 00:00:00,"Every Three Years, February (Election Dates Vary)",,Oregon/Washington,California-Great Basin,Region 1 - Pacific,,Pacific West,Northwest,,Land Area Representation,-121.8745,42.57413,Tribal Office,Klamath,,-13567004.3419,5247372.69
Klawock Cooperative Association,,Tribe,,Anna,,Keene,,,President,Alaska,Alaska Regional Office,310 Bayview Boulevard,Klawock,Alaska,99925,907-401-4068,(907) 755-8800,tribaladmin@klawocktribe.org;,,P.O. Box 430,Klawock,Alaska,99925,2026-05-01 00:00:00,2027-05-01 00:00:00,1 year term,Sealaska Corp.,Alaska,,Region 7 - Alaska,North Pacific,Alaska,Alaska,Southeast,Alaska Native Village,-133.0985,55.55717,Tribal Office,Klawock,,-14816460.1397,7470762.0194
Kletsel Dehe Wintun Nation of the Cortina Rancheria (previously listed as Kletsel Dehe Band of Wintun Indians),Cortina Indian Rancheria,Tribe,,Charlie,,Wright,,,Chairman,Pacific,Central California Agency,570 6th Street,Williams,California,95987,(530) 419-5058,(530) 387-3109,"charlie.wright@kdwn.org, info@kdwn.org",https://www.kletseldehe.org/,P.O. Box 1630,Williams,California,95987,2020-11-01 00:00:00,2024-11-03 00:00:00,"Tribe changed its' name to Kletsel Dehe Band of Wintun Indians (formally the Cortina Indian Rancheria of Wintun Indians of California ) when a Secretarial election was held and the Tribe adopted a revised Constitution on March 10, 2016.",,California,California-Great Basin,Region 8 - Pacific Southwest,California,Pacific West,Pacific,,Land Area Representation,-122.1484,39.15432,Tribal Office,Kletsel Dehe Wintun,,-13597495.1892,4743801.1422
Knik Tribe,,Tribe,,Alfred,,Tellman,,,President,Alaska,Alaska Regional Office,1744 N Prospect Drive,Palmer,Alaska,99645,(907) 373-7991,(907) 373-2178,rporter@kniktribe.org;,https://www.kniktribe.org/,P.O. Box 871565,Wasilla,Alaska,99687,2023-05-17 00:00:00,2025-05-17 00:00:00,Re-elected; 2 year term,Cook Inlet Region Inc.,Alaska,,Region 7 - Alaska,Northwest Boreal,Alaska,Alaska,Southcentral,Alaska Native Village,-149.2186,61.59899,Tribal Office,Knik,,-16610941.6747,8764676.6189
Koi Nation of Northern California,Lower Lake Rancheria,Tribe,,Darin,,Beltran,,,Chairman,Pacific,Pacific Regional Office,Contact Tribe For Physical Address,,California,,(707) 575-5586,(707) 575-5506,KN@koination.com,https://www.koinationsonoma.com/,P.O. Box 3162,Santa Rosa,California,95402,,,Election details contact the Tribe or the Central California Agency.,,California,California-Great Basin,Region 8 - Pacific Southwest,California,Pacific West,Pacific,,Federally Recognized Tribal Entity,-122.7155,38.43164,City Center,Koi,,-13660626.7213,4640582.4796
Kokhanok Village,,Tribe,,Nathan,,Hill,,,President,Alaska,Alaska Regional Office,2 Bay Shore Drive,Kokhanok,Alaska,99606,(907) 282-2202,(907) 282-2264,admin@kokhanok.com,https://www.kokhanok.com/,P.O. Box 1007,Kokhanok,Alaska,99606,2023-11-10 00:00:00,2026-11-10 00:00:00,3 year term,Bristol Bay Native Corp.,Alaska,,Region 7 - Alaska,Western Alaska,Alaska,Alaska,Bristol Bay,Alaska Native Village,-154.7522,59.44215,Tribal Office,Kokhanok,,-17226937.4946,8276573.2809
Kootenai Tribe of Idaho,,Tribe,,Jennifer,,Porter,,,Chairperson,Northwest,Northern Idaho Agency,100 Circle Drive,Bonners Ferry,Idaho,83805,(208) 267-3519,(208) 267-2960,jennifer@kootenai.org,https://www.kootenai.org/,P.O. Box 1269,Bonners Ferry,Idaho,83805,2021-10-01 00:00:00,2026-09-01 00:00:00,"Every Four Years, September (Election Dates Vary)",,Idaho,Columbia-Pacific Northwest,Region 1 - Pacific,,Pacific West,Northwest,,Land Area Representation,-116.3687,48.70803,Tribal Office,Kootenai,,-12954108.4692,6225465.3859
Koyukuk Native Village,,Tribe,,Percy,,Lolnitz,,,1st Chief,Alaska,Fairbanks Agency,300 Vista Road,Koyukuk,Alaska,99754,(907) 927-2253,,mineelghaadzetoh@outlook.com,https://www.tananachiefs.org/about/communities/koyukuk/,P.O. Box 109,Koyukuk,Alaska,99754,2024-10-15 00:00:00,2025-01-01 00:00:00,,Doyon Ltd.,Alaska,,Region 7 - Alaska,Northwest Boreal,Alaska,Alaska,Western Interior,Alaska Native Village,-157.7025,64.88177,Tribal Office,Koyukuk,,-17555363.6778,9577298.3921
"La Jolla Band of Luiseno Indians, California",La Jolla Reservation,Tribe,,Wesley,,Ruise,Jr.,,Chairperson,Pacific,Southern California Agency,22000 Highway 76,Pauma Valley,California,92061,(760) 742-3771,(760) 742-3779,"wendy.schlater@lajolla-nsn.gov , wesley.ruisejr@lajolla-nsn.gov",https://lajolla-nsn.gov/,22000 Highway 76,Pauma Valley,California,92061,,,Actual election date TBD.,,California,Lower Colorado,Region 8 - Pacific Southwest,California,Pacific West,Pacific,,Land Area Representation,-116.8572,33.277,Tribal Office,La Jolla,,-13008483.3627,3932129.7022
"La Posta Band of Diegueno Mission Indians of the La Posta Indian Reservation, California",La Posta Indian Reservation,Tribe,,Eric,,La Chappa,,,Chairperson,Pacific,Southern California Agency,8 Crestwood Road,Boulevard,California,91905,(619) 478-2113,(619) 478-2125,"potts@lptribe.net , lp13boots@aol.com",https://www.lptribe.net/,8 Crestwood Road,Boulevard,California,91905,,,Election details contact Tribe or Southern California Agency.,,California,Lower Colorado,Region 8 - Pacific Southwest,California,Pacific West,Pacific,,Land Area Representation,-116.3629,32.72271,Tribal Office,La Posta,,-12953463.8514,3858555.3772
Lac Courte Oreilles Band of Lake Superior Chippewa Indians of Wisconsin,,Tribe,,Gary,,Clause,,,Chairman,Midwest,Great Lakes Agency,13394 West Trepania Road Building #1,Hayward,Wisconsin,54843,(715) 634-8934,(715) 634-4797,Gary.Clause@lco-nsn.gov;  Bill.Trepanier@lco-nsn.gov,https://lco-nsn.gov/,13394 West Trepania Road Building #1,Hayward,Wisconsin,54843,2025-06-17 00:00:00,2027-06-15 00:00:00,June every two years (odd numbered),,Eastern States,,Region 3 - Midwest,,Midwest,Midwest,,Land Area Representation,-91.36193,45.94356,Tribal Office,Lac Courte Oreilles,,-10170363.6201,5771308.9173
Lac Vieux Desert Band of Lake Superior Chippewa Indians of Michigan,,Tribe,,James,,Williams,Jr.,,Chairman,Midwest,Michigan Agency,N4698 US HWY 45,Watersmeet,Michigan,49969,(906) 358-4577,(906) 358-4785,jim.williams@lvd-nsn.gov,https://lvd-nsn.gov/,P.O. Box 249,Watersmeet,Michigan,49969,2024-12-07 00:00:00,2026-11-07 00:00:00,"November, every two years (even numbered)",,Eastern States,,Region 3 - Midwest,,Midwest,Midwest,,Land Area Representation,-89.17984,46.28843,Tribal Office,Lac Vieux,,-9927454.3878,5826691.9147
Lac du Flambeau Band of Lake Superior Chippewa Indians of the Lac du Flambeau Reservation of Wisconsin,,Tribe,,John,D.,Johnson,Sr.,,President,Midwest,Great Lakes Agency,418 Little Pines Road,Lac du Flambeau,Wisconsin,54538,(715) 588-4206,(715) 588-3303,jjohnson@ldftribe.com,https://www.ldftribe.com/,Post Office Box 67,Lac du Flambeau,Wisconsin,54538,2024-10-01 00:00:00,2026-10-06 00:00:00,"1st Tuesday in October, each year",,Eastern States,,Region 3 - Midwest,,Midwest,Midwest,,Land Area Representation,-89.88857,45.97385,Tribal Office,Lac du Flambeau,,-10006349.2906,5776160.3045
"Las Vegas Tribe of Paiute Indians of the Las Vegas Indian Colony, Nevada",,Tribe,,Benny,,Tso,,,Chairman,Western,Southern Paiute Agency,One Paiute Drive,Las Vegas,Nevada,89106,(702) 386-3926,(702) 383-4019,btso@lvpaiute.com,https://www.lvpaiutetribe.com/,One Paiute Drive,Las Vegas,Nevada,89106,,,,,Nevada,Lower Colorado,Region 8 - Pacific Southwest,,Pacific West,Pacific,,Land Area Representation,-115.1388,36.18528,Tribal Office,Las Vegas,,-12817189.3694,4326146.1594
Levelock Village,,Tribe,,Alexander,,Tallekpalek,,,President,Alaska,Alaska Regional Office,400 Main Street,Levelock,Alaska,99625,(907) 287-3030,(907) 287-3032,levelockasstmgr@gmail.com; levelockadmin@bbna.com,https://lakeandpen.com/levelock,P.O. Box 70,Levelock,Alaska,99625,,2026-10-01 00:00:00,election listed as month/year,Bristol Bay Native Corp.,Alaska,,Region 7 - Alaska,Western Alaska,Alaska,Alaska,Bristol Bay,Alaska Native Village,-156.861,59.11084,Tribal Office,Levelock,,-17461690.8977,8204382.2918
Lime Village,,Tribe,,Travis,,Bobby,,,President,Alaska,Alaska Regional Office,,,Alaska,,(907) 526-5236,,limevillage@gmail.com,,PO Box 371,Soldotna,Alaska,99669,2024-10-08 00:00:00,2025-10-31 00:00:00,President's 2-yer term ends 10/2022.,Calista Corp.,Alaska,,Region 7 - Alaska,Northwest Boreal,Alaska,Alaska,Western Interior,Alaska Native Village,-155.4375,61.35427,City Center,Lime,,-17303219.0116,8707625.6726
"Little River Band of Ottawa Indians, Michigan",,Tribe,,Larry,,Romanelli,,,Ogema,Midwest,Michigan Agency,2608 Government Center Drive,Manistee,Michigan,49660,(231) 723-8288,(231) 723-3270,lromanelli@lrboi-nsn.gov,https://www.lrboi-nsn.gov/,2608 Government Center Drive,Manistee,Michigan,49660,2023-04-25 00:00:00,2027-04-24 00:00:00,"April, every two years (odd numbered)",,Eastern States,,Region 3 - Midwest,,Midwest,Midwest,,Land Area Representation,-86.24017,44.28423,Tribal Office,Little River,,-9600212.1821,5509532.6002
Little Shell Tribe of Chippewa Indians of Montana,Little Shell,Tribe,,Gerald,,Gray,,,Chairman,Rocky Mountain,Rocky Mountain Regional Office,511 Central Avenue West,Great Falls,Montana,59404,406 315-2399,406 315-2401,ggray@gng.net,https://montanalittleshelltribe.org/,,,Montana,,2024-11-09 00:00:00,2028-11-11 00:00:00,,,,Missouri Basin,,,,,,Federally Recognized Tribal Entity,-111.3211,47.50808,Tribal Office,Little Shell Tribe,,-12392207.9773,6025402.8863
"Little Traverse Bay Bands of Odawa Indians, Michigan",,Tribe,,Winnay,J,Wemigwase,,,Chairperson,Midwest,Michigan Agency,7500 Odawa Circle,Harbor Springs,Michigan,49740,(231) 242-1418,(231) 242-1411,tribalchair@ltbbodawa-nsn.gov,https://ltbbodawa-nsn.gov/,7500 Odawa Circle,Harbor Springs,Michigan,49740,2025-08-21 00:00:00,2029-06-25 00:00:00,"Last Monday in June, odd numbered years",,Eastern States,,Region 3 - Midwest,,Midwest,Midwest,,Land Area Representation,-84.91936,45.4378,Tribal Office,Little Traverse,,-9453179.6131,5690709.0943
Lone Pine Paiute-Shoshone Tribe,Lone Pine Rancheria,Tribe,,Thomas,,Swab,Jr.,,Chairman,Pacific,Central California Agency,1103 South Main Street,Lone Pine,California,93545,(760) 876-1034,(760) 876-8302,chair@lppsr.org,https://lppsr.org/wp/,P.O. Box 747,Lone Pine,California,93545,2024-05-25 00:00:00,2025-05-01 00:00:00,Actual election date contact Tribe or Central California Agency.,,California,Lower Colorado,Region 8 - Pacific Southwest,,Pacific West,Pacific,,Land Area Representation,-118.0587,36.59496,Tribal Office,Lone Pine,,-13142236.1266,4382798.18
"Los Coyotes Band of Cahuilla and Cupeno Indians, California",Los Coyotes Reservation,Tribe,,Ray,,Chapparosa,,,Spokesperson,Pacific,Southern California Agency,2300 Camino San Ignacio Road,Warner Springs,California,92086,(760) 782-0711,(760) 782-2701,"administration@loscoyotesband.org , raycloscoyotes@gmail.com",https://www.loscoyotestribe.org/,P.O. Box 189,Warner Springs,California,92086,,,Election details contact Tribe or Southern California Agency.,,California,Lower Colorado,Region 8 - Pacific Southwest,California,Pacific West,Pacific,,Land Area Representation,-116.5635,33.25483,Tribal Office,Los Coyotes,,-12975793.6507,3929177.3593
Louden Tribe (previously listed as Galena Village (aka Louden Village)),Galena Village (aka Louden Village),Tribe,,Charlie,,Green,,,1st Chief,Alaska,Fairbanks Agency,100 Front Street,Galena,Alaska,99741,(907) 656-1711,(907) 656-2491,office@loudentribe.com;,https://www.loudentribe.org/,P.O. Box 244,Galena,Alaska,99741,2024-04-01 00:00:00,2027-04-01 00:00:00,3 year term,Doyon Ltd.,Alaska,,Region 7 - Alaska,Northwest Boreal,Alaska,Alaska,Western Interior,Alaska Native Village,-156.8733,64.74068,Tribal Office,Louden Tribe,,-17463055.3296,9540396.177
"Lovelock Paiute Tribe of the Lovelock Indian Colony, Nevada",,Tribe,,Tia,,Happy,,,Chairwoman,Western,Western Nevada Agency,201 Bowean St,Lovelock,Nevada,89419,(775) 273-7861,(775) 273-7629,chair@lovelocktribe.com,https://www.paiutetribelovelock.org/,P.O. Box 878,Lovelock,Nevada,89419,2025-06-28 00:00:00,,,,Nevada,California-Great Basin,Region 8 - Pacific Southwest,,Pacific West,Pacific,,Land Area Representation,-118.4811,40.1738,Tribal Office,Lovelock,,-13189255.9433,4891230.8646
"Lower Brule Sioux Tribe of the Lower Brule Reservation, South Dakota",,Tribe,,Boyd,I.,Gourneau,,,Chairman,Great Plains,Lower Brule Agency,187 Oyate Circle,Lower Brule,South Dakota,57548,(605) 473-5561,(605) 473-5606,boydgourneau@lowerbrule.net,https://www.lowerbrulesiouxtribe.com/,187 Oyate Circle,Lower Brule,South Dakota,57548,09/2020,09/2022,,,Montana/Dakotas,Missouri Basin,Region 6 - Mountain-Prairie,,Midwest,Midwest,,Land Area Representation,-99.60675,44.07936,Tribal Office,Lower Brule,,-11088172.7441,5477732.2915
Lower Elwha Tribal Community,,Tribe,,Melissa,,Gilman,,,Chairwoman,Northwest,Olympic Peninsula Agency,2851 Lower Elwha Road,Port Angeles,Washington,98363,(360) 452-8471,(360) 452-3428,Melissa.Gilman@elwha.org,https://www.elwha.org/,2851 Lower Elwha Road,Port Angeles,Washington,98363,2026-05-01 00:00:00,2027-05-01 00:00:00,"Annual, May, Last Saturday (Chair, Annual)",,Oregon/Washington,Columbia-Pacific Northwest,Region 1 - Pacific,,Pacific West,Northwest,,Land Area Representation,-123.5487,48.14404,Tribal Office,Lower Elwha,,-13753374.7988,6130850.7219
Lower Sioux Indian Community in the State of Minnesota,,Tribe,,Joseph,,O'Brien,,,President,Midwest,Midwest Regional Office,39527 Reservation Highway 1,Morton,Minnesota,56270,(507) 697-6185,(507) 697-8617,Joseph.OBrien@lowersioux.com,https://lowersioux.com/,P.O. Box 308,Morton,Minnesota,56270,2023-08-04 00:00:00,2025-08-01 00:00:00,"1st Friday in August, odd numbered years",,Eastern States,,Region 3 - Midwest,,Midwest,Midwest,,Land Area Representation,-94.9957,44.53254,Tribal Office,Lower Sioux,,-10574873.4692,5548227.155
Lumbee Tribe of North Carolina,Lumbee Tribe,Tribe,,John,L.,Lowery,,,Chairman,Eastern,Eastern Regional Office,6984 NC Highway 711,Pembroke,North Carolina,28372,(910) 521-7861,(910) 521-2278,cowens@lumbeetribe.com,https://www.lumbeetribe.com/,6984 NC Highway 711,Pembroke,North Carolina,28372,2025-11-01 00:00:00,2028-11-01 00:00:00,"Newly recognized on December 18, 2025, by Legislation signed by the President",,Eastern States,South Atlantic Gulf,Region 4 - Southeast,,Southeast,Southeast,,Federally Recognized Tribal Entity,-79.1666,34.66278,Tribal Office,Lumbee,,-8812785.9438,4118148.3035
Lummi Tribe of the Lummi Reservation,,Tribe,,Anthony,,Hillaire,,,Chairman,Northwest,Puget Sound Agency,2665 Kwina Road,Bellingham,Washington,98226,(360) 312-2000,(360) 380-6979,anthonyh@lummi-nsn.gov,https://www.lummi-nsn.gov/,2665 Kwina Road,Bellingham,Washington,98226,2022-11-05 00:00:00,2026-11-07 00:00:00,"Annual, November, First Saturday (Election Dates Vary)",,Oregon/Washington,Columbia-Pacific Northwest,Region 1 - Pacific,,Pacific West,Northwest,,Land Area Representation,-122.6262,48.79202,Tribal Office,Lummi,,-13650680.7986,6239644.7514
Lytton Rancheria of California,Lytton Rancheria,Tribe,,Andrew,,Mejia,,,Chairman,Pacific,Central California Agency,437 Aviation Blvd #100,Santa Rosa,California,95403,(707) 575-5917,(707) 575-6974,"andymejia@lyttonrancheria.com , info@lyttonrancheria.com",https://www.lyttonrancheria.com/,1500 Falling Oak Way,Windsor,California,95492,,,Contact tribe for election information.,,California,California-Great Basin,Region 8 - Pacific Southwest,California,Pacific West,Pacific,,Land Area Representation,-122.7873,38.51557,Tribal Office,Lytton,,-13668616.3243,4652516.4133
Makah Indian Tribe of the Makah Indian Reservation,,Tribe,,Timothy,J.,Greene,Sr.,,Chairman,Northwest,Northwest Regional Office,100 Resort Drive,Neah Bay,Washington,98357,(360) 645-2201,(360) 645-2788,timothy.greene@makah.com,https://makah.com/,P.O. Box 115,Neah Bay,Washington,98357,2019-12-27 00:00:00,2026-12-28 00:00:00,"Annual, December, Last Monday (Election Dates Vary)",,Oregon/Washington,Columbia-Pacific Northwest,Region 1 - Pacific,,Pacific West,Northwest,,Land Area Representation,-124.668,48.34743,Tribal Office,Makah,,-13877973.1019,6164851.5082
"Manchester Band of Pomo Indians of the Manchester Rancheria, California",Manchester Rancheria,Tribe,,Tisha,,Jones,,,Chairwoman,Pacific,Central California Agency,24 Mamie Laiwa Drive,Point Arena,California,95468,(707) 241-4795,(707) 882-3417,tisha.gonzalez@mpapomotribe.org,https://mpapomotribe.com/tribal-council/,P.O. Box 623,Point Arena,California,95468,2022-11-12 00:00:00,2026-11-12 00:00:00,Actual election date contact Tribe or Central California Agency.,,California,California-Great Basin,Region 8 - Pacific Southwest,,Pacific West,Pacific,,Land Area Representation,-123.6821,38.93687,Tribal Office,Manchester,,-13768224.4221,4712632.9539
Manley Hot Springs Village,,Tribe,,Raymond,P.,Woods,,,Chief,Alaska,Fairbanks Agency,,,Alaska,,907-672-2020,,missleahrose2@gmail.com,https://www.tananachiefs.org/about/communities/manley-hot-springs/,P.O. Box 105,Manley Hot Springs,Alaska,99756,2017-10-01 00:00:00,2026-10-31 00:00:00,Election held annually,Doyon Ltd.,Alaska,,Region 7 - Alaska,Northwest Boreal,Alaska,Alaska,Eastern Interior,Alaska Native Village,-150.6339,64.99216,Tribal Office,Manley Hot Springs,,-16768488.944,9606307.8208
Manokotak Village,Manokotak Village Council,Tribe,,Diane,,Mochin,,,President,Alaska,Alaska Regional Office,263 Birch Street,Manokotak,Alaska,99628,(907) 289-2067,(907) 289-1235,kmo.village@hotmail.com,,P.O. Box 169,Manokotak,Alaska,99628,2025-10-05 00:00:00,2026-10-01 00:00:00,President's term ends 10/2027.,Bristol Bay Native Corp.,Alaska,,Region 7 - Alaska,Western Alaska,Alaska,Alaska,Bristol Bay,Alaska Native Village,-159.0558,58.97892,Tribal Office,Manokotak,,-17706009.1164,8175833.1374
"Manzanita Band of Diegueno Mission Indians of the Manzanita Reservation, California",Manzanita Reservation,Tribe,Ms.,Angela,,Santos,,,Chairperson,Pacific,Pacific Regional Office,6 Old Mine Road,Boulevard,California,91905,(619) 766-4930,(619) 766-4957,aelliottsantos7@aol.com,https://caltribalfamilies.org/places/manzanita-band-of-diegueno-mission-indians/,P.O. Box 1302,Boulevard,California,91905,2021-07-24 00:00:00,,Actual election date TBD. 04/15/2015: Angela S,,California,Lower Colorado,Region 8 - Pacific Southwest,California,Pacific West,Pacific,,Land Area Representation,-116.3448,32.73573,Tribal Office,Manzanita,,-12951440.8089,3860278.7431
Mashantucket Pequot Indian Tribe,,Tribe,,Rodney,A.,Butler,,,Chairman,Eastern,Eastern Regional Office,2 Matt's Path,Mashantucket,Connecticut,06338,(860) 396-6572,(860) 396-6288,RodneyButler@mptn-nsn.gov,https://www.mptn-nsn.gov/,2 Matts Path P.O. Box 3060,Mashantucket,Connecticut,06338,2022-01-01 00:00:00,2027-01-01 00:00:00,Must use both address when mailing.,,Eastern States,,Region 5 - Northeast,,Northeast,Northeast,,Land Area Representation,-71.97017,41.4568,Tribal Office,Mashantucket Pequot,,-8011682.5732,5079955.1983
Mashpee Wampanoag Tribe,,Tribe,,Brian,M.,Weeden,,,Chairman,Eastern,Eastern Regional Office,483 Great Neck Road South,Mashpee,Massachusetts,02649,(508) 477-0208,(508) 539-1249,Brian.Weeden@mwtribe-nsn.gov: AnnMarie.Askew@mwtribe-nsn.gov,https://mashpeewampanoagtribe-nsn.gov/,483 Great Neck Road South,Mashpee,Massachusetts,02649,2021-05-16 00:00:00,2025-02-09 00:00:00,,,Eastern States,,Region 5 - Northeast,,Northeast,Northeast,,Land Area Representation,-70.4763,41.5957,Tribal Office,Mashpee,,-7845386.1741,5100608.2457
Match-E-Be-Nash-She-Wish Band of Pottawatomi (previously listed as Match-E-Be-Nash-She-Wish Band of Pottawatomi Indians of Michigan),Gun Lake,Tribe,,Bob,,Peters,,,Chairperson,Midwest,Michigan Agency,2872 Mission Drive,Shelbyville,Michigan,49344,(269) 397-1780,(269) 397-1781,Bob.Peters@glt-nsn.gov,https://gunlaketribe-nsn.gov/,2872 Mission Drive,Shelbyville,Michigan,49344,2022-08-01 00:00:00,2026-08-01 00:00:00,"August, every two years (even numbered)",,Eastern States,,Region 3 - Midwest,,Midwest,Midwest,,Land Area Representation,-85.64941,42.62783,Tribal Office,Match-e-be-nash-she-wish Band,,-9534448.3105,5255494.912
McGrath Native Village,,Tribe,,Alice,,Dale,,,First Chief,Alaska,Fairbanks Agency,134 Takotna Avenue,McGrath,Alaska,99627,(907) 524-3024,(907) 524-3899,tribaladmin@mcgrathnvc.com; adale@mcgrathnvc.com,https://mnvcdev.muniweb.com/,P.O. Box 134,McGrath,Alaska,99627,2017-10-01 00:00:00,2025-10-01 00:00:00,2 year term,Doyon Ltd.,Alaska,,Region 7 - Alaska,Northwest Boreal,Alaska,Alaska,Western Interior,Alaska Native Village,-155.5969,62.95586,Tribal Office,Mcgrath,,-17320962.9014,9089434.9322
"Mechoopda Indian Tribe of Chico Rancheria, California",Chico Rancheria,Tribe,,Dennis,,Ramirez,,,Chairman,Pacific,Central California Agency,1920 Alcott Avenue,Chico,California,95928,(530) 899-8922,(530) 899-8517,mit@mechoopda-nsn.gov,http://www.mechoopda-nsn.gov/,1920 Alcott Avenue,Chico,California,95928,2023-05-25 00:00:00,,Actual election date contact Tribe or Central California Agency.,,California,California-Great Basin,Region 8 - Pacific Southwest,California,Pacific West,Pacific,,Federally Recognized Tribal Entity,-121.7928,39.72878,Tribal Office,Mechoopda,,-13557915.9737,4826607.082
Menominee Indian Tribe of Wisconsin,,Tribe,,Joey,,Awonohopay,,,Chairperson,Midwest,Midwest Regional Office,W2908 Tribal Office Loop Road,Keshena,Wisconsin,54135,(715) 799-5100,(715) 799-3373,chairman@mitw.org,https://www.menominee-nsn.gov/,P.O. Box 910,Keshena,Wisconsin,54135,2024-02-08 00:00:00,2025-02-13 00:00:00,"Thursday of the 2nd full week in January, every three years",,Eastern States,,Region 3 - Midwest,,Midwest,Midwest,,Land Area Representation,-88.63264,44.88168,Tribal Office,Menominee,,-9866540.0207,5602913.5434
Mentasta Traditional Council,,Tribe,,Susie,,Martin,,,First Chief,Alaska,Alaska Regional Office,Mile 6 Mentasta Spur Road,Mentasta,Alaska,99780,(907) 291-2319,(907) 291-2305,907mlv99780ta@gmail.com,https://www.mentastacouncil.org/,P.O. Box 6019,Mentasta,Alaska,99780,2023-09-01 00:00:00,2026-09-01 00:00:00,President's term is three years (11/2023),Ahtna Inc.,Alaska,,Region 7 - Alaska,Northwest Boreal,Alaska,Alaska,Southcentral,Alaska Native Village,-143.8021,62.92634,Tribal Office,Mentasta,,-16007979.2187,9082212.544
"Mesa Grande Band of Diegueno Mission Indians of the Mesa Grande Reservation, California",Mesa Grande Reservation,Tribe,,Curtis,,La Chusa,,,Chairman,Pacific,Southern California Agency,26000 Mesa Grande Road,Santa Ysabel,California,92070,(760) 782-3818,(760) 782-0795,"mgbomi@mesagrandeband-nsn.gov , curtis@mesagrandeband-nsn.gov",https://www.mesagrandeband-nsn.gov/,P.O. Box 270,Santa Ysabel,California,92070,2018-08-01 00:00:00,,,,California,Lower Colorado,Region 8 - Pacific Southwest,California,Pacific West,Pacific,,Land Area Representation,-116.7789,33.18782,Tribal Office,Mesa Grande,,-12999769.3977,3920260.6023
"Mescalero Apache Tribe of the Mescalero Reservation, New Mexico",,Tribe,,Duane,,Duffy,,,President,Southwest,Mescalero Agency,108 Central Avenue,Mescalero,New Mexico,88340,(575) 464-4494,(575) 464-9191,dduffy@mescaleroapachetribe.com,https://mescaleroapachetribe.com/,P.O. Box 227,Mescalero,New Mexico,88340,,,,,New Mexico,Upper Colorado,Region 2 - Southwest,,Intermountain,Southwest,,Land Area Representation,-105.78,33.1568,Tribal Office,Mescalero Apache,,-11775370.5041,3916134.4847
"Metlakatla Indian Community, Annette Island Reserve",,Tribe,,Albert,G.,Smith,,,Mayor,Northwest,Metlakatla Agency,8th & Milton,Metlakatla,Alaska,99926,(907) 886-4441,(907) 886-3338,asmith@metlakatla.com,https://www.metlakatla.com/,P.O. Box 8,Metlakatla,Alaska,99926,2023-11-07 00:00:00,2026-11-03 00:00:00,"Annual, November, First Tuesday (Election Dates Vary)",,Alaska,,Region 7 - Alaska,North Pacific,Alaska,Alaska,Southeast,Land Area Representation,-131.5734,55.12617,Tribal Office,Metlakatla,,-14646683.3111,7386391.2171
Mi'kmaq Nation (previously listed as Aroostook Band of Micmacs),Previous known as Aroostook Band of Micmacs,Tribe,,Sheila,,McCormack,,,Chief,Eastern,Eastern Regional Office,7 Northern Road,Presque Isle,Maine,04769,(207) 764-1972,(207) 764-7667,smccormack@micmac-nsn.gov; tribalcouncil@micmac-nsn.gov,https://micmac-nsn.gov/,7 Northern Road,Presque Isle,Maine,04769,2025-05-13 00:00:00,2027-05-11 00:00:00,"Tribal Name Change from Aroostook Band of Micmacs to Mi'kmaq Nation, effective 1/28/2022",,Eastern States,,Region 5 - Northeast,North Atlantic,Northeast,Northeast,,Land Area Representation,-68.03403,46.6978,Tribal Office,Mi'kmaq,,-7573514.1028,5892885.4176
Miami Tribe of Oklahoma,Miami Tribe,Tribe,,Douglas,G.,Lankford,,,Chief,Eastern Oklahoma,Miami Agency,3410 P. Street NW,Miami,Oklahoma,74354,(918) 541-1300,(918) 542-7260,dlankford@miamination.com,https://www.miamination.com,P.O. Box 1326,Miami,Oklahoma,74355,2026-06-27 00:00:00,2028-06-24 00:00:00,,,New Mexico,Missouri Basin,Region 2 - Southwest,Eastern Tallgrass Prairie and Big Rivers,Intermountain,Southwest,,Tribal Statistical Area,-94.89516,36.9187,Tribal Office,Miami Tribe of Oklahoma,,-10563680.5404,4427781.3609
Miccosukee Tribe of Indians,,Tribe,,Talbert,,Cypress,,,Chairman,Eastern,Eastern Regional Office,US 41 Mile Marker 70,Miami,Florida,33194,(305) 223-8380,(305) 223-1011,marlap@miccosukeetribe.com; beverlyt@miccosukeetribe.com,https://miccosukee.com/miccosukee-tribe-history/,"Tamiami Station,  P.O. Box 440021",Miami,Florida,33144,2021-11-01 00:00:00,2025-11-01 00:00:00,,,Eastern States,,Region 4 - Southeast,Peninsular Florida,Southeast,Southeast,,Land Area Representation,-80.21368,25.78813,Tribal Office,Miccosukee,,-8929345.6171,2972863.0165
Middletown Rancheria of Pomo Indians of California,Middletown Rancheria,Tribe,,Jose,,Simon,III,,Chairman,Pacific,Central California Agency,22223 Hwy 29 Rancheria Rd,Middletown,California,95461,(707) 987-3670,(707) 987-9091,tc@middletownrancheria.com,https://middletownrancheria-nsn.gov/,P.O.Box 1035,Middletown,California,95461,2021-05-31 00:00:00,2024-05-31 00:00:00,,,California,California-Great Basin,Region 8 - Pacific Southwest,California,Pacific West,Pacific,,Land Area Representation,-122.6246,38.73269,Tribal Office,Middletown,,-13650510.9473,4683454.1065
"Minnesota Chippewa Tribe, Minnesota (Bois Forte Band (Nett Lake))",,"Affiliate (band, community, village, island, etc...)",,Catherine,J,Chavers,,,Chairperson,Midwest,Minnesota Agency,5344 Lakeshore Drive,Nett Lake,Minnesota,55772,(218) 757-3261,(218) 757-3607,CatherineChavers@boisforte-nsn.gov,https://boisforte.com/,5344 Lakeshore Drive,Nett Lake,Minnesota,55772,2024-06-11 00:00:00,2028-06-13 00:00:00,"2nd Tuesday in June, even numbered years",,Eastern States,,Region 3 - Midwest,,Midwest,Midwest,,Land Area Representation,-93.09641,48.11336,Tribal Office,Bois Forte,,-10363444.9328,6125734.5349
"Minnesota Chippewa Tribe, Minnesota (Fond du Lac Band)",,"Affiliate (band, community, village, island, etc...)",,Bruce,,Savage,,,Chairman,Midwest,Minnesota Agency,Fond du Lac Center 1720 Big Lake Road,Cloquet,Minnesota,55720,(218) 879-4593,(218) 879-4146,brucesavage@fdlband.org,https://www.fdlband.org/,1720 Big Lake Road,Cloquet,Minnesota,55720,2024-06-11 00:00:00,2028-06-13 00:00:00,"2nd Tuesday in June, even numbered years",,Eastern States,,Region 3 - Midwest,,Midwest,Midwest,,Land Area Representation,-92.51563,46.71316,Tribal Office,Fond du Lac,,-10298793.3201,5895378.8777
"Minnesota Chippewa Tribe, Minnesota (Grand Portage Band)",,"Affiliate (band, community, village, island, etc...)",,Robert,,Deschampe,,,Chairman,Midwest,Minnesota Agency,83 Steven Road,Grand Portage,Minnesota,55605,(218) 475-2277,(218) 475-2284,robertdeschampe@grandportage.com,https://www.grandportageband.com/,P.O. Box 428,Grand Portage,Minnesota,55605,2024-06-11 00:00:00,2028-06-13 00:00:00,"2nd Tuesday in June, even numbered years",,Eastern States,,Region 3 - Midwest,,Midwest,Midwest,,Land Area Representation,-89.6855,47.96393,Tribal Office,Grand Portage,,-9983743.9502,6100856.5055
"Minnesota Chippewa Tribe, Minnesota (Leech Lake Band)",,"Affiliate (band, community, village, island, etc...)",,Faron,,Jackson,Sr.,,Chairman,Midwest,Minnesota Agency,190 Sailstar Drive NW,Cass Lake,Minnesota,56633,(218) 335-8200,(218) 335-3611,Faron.Jackson@llojibwe.net,https://www.llojibwe.org/,190 Sailstar Drive,Cass Lake,Minnesota,56633,2024-06-11 00:00:00,2028-06-13 00:00:00,"2nd Tuesday in June, even numbered years",,Eastern States,,Region 3 - Midwest,,Midwest,Midwest,,Land Area Representation,-94.60133,47.38362,Tribal Office,Leech Lake,,-10530971.4081,6004917.2327
"Minnesota Chippewa Tribe, Minnesota (Mille Lacs Band)",,"Affiliate (band, community, village, island, etc...)",,Virgil,,Wind,,,Chief Executive,Midwest,Minnesota Agency,43408 Oodena Drive,Onamia,Minnesota,56359,(320) 532-4181,(320) 532-5800,Virgil.Wind@millelacsband.com,https://www.millelacsband.com/,43408 Oodena Drive,Onamia,Minnesota,56359,2024-06-11 00:00:00,2028-06-13 00:00:00,"2nd Tuesday in June, even numbered years",,Eastern States,,Region 3 - Midwest,,Midwest,Midwest,,Land Area Representation,-93.75536,46.17791,Tribal Office,Mille Lacs,,-10436798.5985,5808905.3997
"Minnesota Chippewa Tribe, Minnesota (Six component reservations: Bois Forte Band (Nett Lake); Fond du Lac Band; Grand Portage Band; Leech Lake Band; Mille Lacs Band; White Earth Band)",,Tribe,,Michael,,LaRoque,,,President,Midwest,Minnesota Agency,15542 State 371 NW,Cass Lake,Minnesota,56633,(218) 335-8581,(218) 335-8496,Mike.LaRoque@whiteearth-nsn.gov,https://mnchippewatribe.org/,P.O. Box 217,Cass Lake,Minnesota,56633,2024-06-11 00:00:00,2028-06-13 00:00:00,"Joel Smith, Interim Executive Director of the MCT (jsmith@mnchippewatribe.org)",,Eastern States,,Region 3 - Midwest,,Midwest,Midwest,,Land Area Representation,-94.61606,47.36377,Tribal Office,Minnesota Chippewa,,-10532611.5028,6001654.1455
"Minnesota Chippewa Tribe, Minnesota (White Earth Band)",,"Affiliate (band, community, village, island, etc...)",,Michael,A.,Fairbanks,,,Chairman,Midwest,Minnesota Agency,35500 Eagle View Road,Ogema,Minnesota,56591,(218) 983-3285,(218) 983-3641,Michael.Fairbanks@whiteearth-nsn.gov,https://www.whiteearth.com/,P.O. Box 418 (Hwy 224),White Earth,Minnesota,56591,2024-06-11 00:00:00,2028-06-13 00:00:00,"2nd Tuesday in June, even numbered years",,Eastern States,,Region 3 - Midwest,,Midwest,Midwest,,Land Area Representation,-95.8613,47.08561,Tribal Office,White Earth,,-10671231.0303,5956058.3709
Mississippi Band of Choctaw Indians,,Tribe,,Cyrus,,Ben,,,Chief,Eastern,Choctaw Agency,101 Industrial Road,Choctaw,Mississippi,39350,(601) 656-5251,(601) 650-1606,info@choctaw.org; ChiefBen@choctaw.org,https://www.choctaw.org/,P.O. Box 6010 Choctaw Branch,Choctaw,Mississippi,39350,2019-06-01 00:00:00,2023-06-01 00:00:00,,,Eastern States,,Region 4 - Southeast,,Southeast,Southeast,,Land Area Representation,-89.22373,32.78365,Tribal Office,Mississippi Choctaw,,-9932340.4118,3866621.6247
"Moapa Band of Paiute Indians of the Moapa River Indian Reservation, Nevada",,Tribe,,Janet,,Myers,,,Chairwoman,Western,Southern Paiute Agency,1 Lincoln Street,Moapa,Nevada,89025,(702) 865-2787,(702) 865-2875,chair.mbop@moapabandofpaiutes.org,https://www.moapabandofpaiutes.com/,P.O. Box 340,Moapa,Nevada,89025,2026-07-13 00:00:00,2026-12-12 00:00:00,,,Nevada,Lower Colorado,Region 8 - Pacific Southwest,,Pacific West,Pacific,,Land Area Representation,-114.6533,36.67014,Tribal Office,Moapa,,-12763149.2336,4393227.1266
Modoc Nation,Modoc,Tribe,,Robert,,Burkybile,III,,Chief,Eastern Oklahoma,Miami Agency,22 N. Eight Tribes Trail,Miami,Oklahoma,74354,(918) 542-1190,(918) 542-5415,robert.burkybile@modocnation.com,https://modocnation.com/,22 N. Eight Tribes Trail,Miami,Oklahoma,74354,2026-05-02 00:00:00,2030-05-04 00:00:00,,,New Mexico,Missouri Basin,Region 2 - Southwest,Eastern Tallgrass Prairie and Big Rivers,Intermountain,Southwest,,Tribal Statistical Area,-94.84644,36.87692,Tribal Office,Modoc Nation,,-10558257.7584,4421965.243
Mohegan Tribe of Indians of Connecticut,,Tribe,,R. James,,Gessner,Jr.,,Chairman,Eastern,Eastern Regional Office,13 Crow Hill Road,Uncasville,Connecticut,06382,(860) 862-6100,(860) 862-6153,communications@moheganmail.com; jgessner@moheganmail.com,https://www.mohegan.nsn.us/,13 Crow Hill Road,Uncasville,Connecticut,06382,2019-04-01 00:00:00,2021-10-01 00:00:00,,,Eastern States,,Region 5 - Northeast,,Northeast,Northeast,,Land Area Representation,-72.08487,41.48314,Tribal Office,Mohegan,,-8024450.9533,5083867.8814
Monacan Indian Nation,,Tribe,,Diane,,Shields,,,Chief,Eastern,Eastern Regional Office,111 Highview Drive,Madison Heights,Virginia,24572,434-363-4864,,tribaloffice@monacannation.com; Chief@monacannation.com,https://www.monacannation.gov/,111 Highview Drive,Madison Heights,Virginia,24572,June 2023,June 2027,"Newly recognized in January 2018 by legislation signed by the PresidentTribal Election was held on June 17, 2023 and Chief was sworn in on June 24, 2023.   Still on-going Tribal Leaders Dispute.",,Eastern States,,Region 5 - Northeast,,Northeast,Northeast,,Federally Recognized Tribal Entity,-79.11725,37.47736,Tribal Office,Monacan Indian Nation,,-8807291.8204,4505854.5729
Mooretown Rancheria of Maidu Indians of California,Mooretown Rancheria,Tribe,,Benjamin,,Clark,,,Chairman,Pacific,Central California Agency,1 Alverda Drive,Oroville,California,95966,(530) 533-3625,(530) 533-3680,lwinner@mooretown.org,https://www.mooretownrancheria-nsn.gov/,1 Alverda Drive,Oroville,California,95966,2021-03-20 00:00:00,3/2024,,,California,California-Great Basin,Region 8 - Pacific Southwest,California,Pacific West,Pacific,,Land Area Representation,-121.5219,39.46627,Tribal Office,Mooretown,,-13527759.8688,4788682.048
"Morongo Band of Mission Indians, California",Morongo Reservation,Tribe,,Charles,,Martin,,,Chairman,Pacific,Pacific Regional Office,12700 Pumarra Road,Banning,California,92220,(951) 849-4697,(951) 849-4425,lbroderick@morongo-nsn.gov,https://morongonation.org/,12700 Pumarra Road,Banning,California,92220,2021-06-23 00:00:00,,,,California,Lower Colorado,Region 8 - Pacific Southwest,California,Pacific West,Pacific,,Land Area Representation,-116.8094,33.93695,Tribal Office,Morongo,,-13003163.2062,4020339.6941
Muckleshoot Indian Tribe,,Tribe,,Donald,,Stevenson,,,Chairman,Northwest,Puget Sound Agency,39015 172nd Avenue SE,Auburn,Washington,98092,(253) 939-3311,(253) 939-5311,Donny.Stevenson@muckleshoot.nsn.us,https://www.muckleshoot.nsn.us/,39015 172nd Avenue SE,Auburn,Washington,98092,2026-04-13 00:00:00,2027-01-25 00:00:00,"Annual, January, Third Monday",,Oregon/Washington,Columbia-Pacific Northwest,Region 1 - Pacific,,Pacific West,Northwest,,Land Area Representation,-122.1152,47.25172,Tribal Office,Muckleshoot,,-13593804.0083,5983257.8519
Naknek Native Village,,Tribe,,Judy,Jo,Matson,,,President,Alaska,Alaska Regional Office,126 Third Avenue,Naknek,Alaska,99633,(907) 246-4210,(907) 246-3563,tribaladmin@nnvctribe.org; president@nnvctribe.org,https://www.nnvctribe.com/,P.O. Box 210,Naknek,Alaska,99633,2023-11-18 00:00:00,2026-11-18 00:00:00,election listed as month/year; 3 year term ends 2028.,Bristol Bay Native Corp.,Alaska,,Region 7 - Alaska,Western Alaska,Alaska,Alaska,Bristol Bay,Alaska Native Village,-157.0199,58.72819,Tribal Office,Naknek,,-17479375.3792,8121869.36
Nansemond Indian Nation,Nansemond Indian Tribal Association,Tribe,,Keith,F.,Anderson,,,Chief,Eastern,Eastern Regional Office,1001 Pembroke Lane,Suffolk,Virginia,23434,757-255-9317,,administrator@nansemond.gov; Chief@nansemond.gov,https://nansemond.gov/,1001 Pembroke Lane,Suffolk,Virginia,23434,2022-01-12 00:00:00,,Newly recognized in January 2018 by Legislation signed by the President,,Eastern States,,Region 5 - Northeast,,Northeast,Northeast,,Federally Recognized Tribal Entity,-76.55746,36.84081,Tribal Office,Nansemond Indian Tribe,,-8522337.1263,4416940.233
Narragansett Indian Tribe,,Tribe,,Anthony,Dean,Stanton,,,Chief Sachem,Eastern,Eastern Regional Office,4533 South County Trail,Charlestown,Rhode Island,02813,(401) 364-1100,(401) 364-1104,adstanton@nitribe.org,https://narragansettindiannation.org/,P.O. Box 268,Charlestown,Rhode Island,02813,2018-05-01 00:00:00,2023-10-01 00:00:00,,,Eastern States,,Region 5 - Northeast,,Northeast,Northeast,,Land Area Representation,-71.64931,41.41608,Tribal Office,Narragansett,,-7975965.2481,5073909.08
Native Village of Afognak,,Tribe,,Meagan,,Christiansen,,,Chairman,Alaska,Alaska Regional Office,115 Mill Bay Road,Kodiak,Alaska,99615,(907) 621-4444,none,tribe@afognak.org,https://www.afognak.org/,115 Mill Bay Road,Kodiak,Alaska,99615,2011-09-01 00:00:00,2026-09-19 00:00:00,,Koniag Inc.,Alaska,,Region 7 - Alaska,Western Alaska,Alaska,Alaska,Kodiak/Aleutians,Alaska Native Village,-152.4045,57.78924,Tribal Office,Afognak,,-16965591.5127,7923173.6212
Native Village of Akhiok,,Tribe,,Speridon,,Simeonoff,Jr.,,President,Alaska,Alaska Regional Office,,,,,(907) 836-2312,(907) 836-2345,trevor.phillips@kodiakhealthcare.org,https://aki-kodiak.com/,P.O. Box 5030,Akhiok,Alaska,99615,2025-10-14 00:00:00,,Election listed as second Tuesday in October,Koniag Inc.,Alaska,,Region 7 - Alaska,Western Alaska,Alaska,Alaska,Kodiak/Aleutians,Alaska Native Village,-154.1733,56.9455,City Center,Akhiok,,-17162496.2629,7748986.9591
Native Village of Akutan,,Tribe,,Joseph,,Bereskin,Sr.,,President,Alaska,Alaska Regional Office,89 Boardwalk,Akutan,Alaska,99553,(907) 698-2300,(907) 698-2301,qigiigun.clerk@outlook.com; qigiigun.tribe1@outlook.com,,P.O. Box 89,Akutan,Alaska,99553,2024-10-03 00:00:00,2027-10-01 00:00:00,Three year term; election listed as month/year.,The Aleut Corp.,Alaska,,Region 7 - Alaska,Aleutian and Bering Sea Islands,Alaska,Alaska,Kodiak/Aleutians,Alaska Native Village,-165.7738,54.13427,Tribal Office,Akutan,,-18453858.3425,7195626.0551
Native Village of Aleknagik,,Tribe,,Gusty,,Ilutsik,Jr.,,President,Alaska,Alaska Regional Office,115 Lake Street,Aleknagik,Alaska,99555,(907) 842-2080,(907) 842-2081,aleknagiktraditional@yahoo.com,https://bbna.com/,P.O. Box 115,Aleknagik,Alaska,99555,2023-05-01 00:00:00,2025-05-01 00:00:00,Election listed only as month of May,Bristol Bay Native Corp.,Alaska,,Region 7 - Alaska,Western Alaska,Alaska,Alaska,Bristol Bay,Alaska Native Village,-158.6241,59.27764,Tribal Office,Aleknagik,,-17657954.2065,8240639.7395
Native Village of Ambler,,Tribe,,Molly,,Brown,,,First Chief,Alaska,Alaska Regional Office,,Ambler,Alaska,99786,(907) 445-2196,(907) 445-2181,iviscouncil@gmail.com,https://www.nwabor.org/village/ambler/,P.O. Box 47,Ambler,Alaska,99786,2024-10-01 00:00:00,2025-10-04 00:00:00,"First chief's term is two-years, ending October 2026.",NANA Regional Corp.,Alaska,,Region 7 - Alaska,Northwest Boreal,Alaska,Alaska,Northwest Arctic,Alaska Native Village,-157.8589,67.08723,Tribal Office,Ambler,,-17572775.215,10180956.2031
Native Village of Atka,,Tribe,,Crystal,,Dushkin,,,President,Alaska,Alaska Regional Office,116 Laavkix Road,Atka,Alaska,99547,(907)222-5400,(907) 222-5405,james@atkatribe.net,,P.O. Box 47030,Atka,Alaska,99547,2023-10-30 00:00:00,2024-10-30 00:00:00,Two year term listed for President. Anchorage office number is (907) 222-5400.,The Aleut Corp.,Alaska,,Region 7 - Alaska,Aleutian and Bering Sea Islands,Alaska,Alaska,Kodiak/Aleutians,Alaska Native Village,-174.1987,52.19867,Tribal Office,Atka,,-19391708.8777,6836127.4573
Native Village of Atqasuk,Atqasuk Village,Tribe,,Michelle,,Bordeaux,,,President,Alaska,Fairbanks Agency,901 Tikiluk Street,Atqasuk,Alaska,99791,(907) 633-2575,(907) 633-2576,nativevillageofatqasuk@gmail.com,https://www.north-slope.org/our-communities/atqasuk/,P.O. Box 91108,Atqasuk,Alaska,99791,2024-12-01 00:00:00,2026-08-01 00:00:00,Election listed as month/year.,Arctic Slope Regional Corp.,Alaska,,Region 7 - Alaska,Arctic,Alaska,Alaska,North Slope,Alaska Native Village,-157.421,70.48237,Tribal Office,Atqasuk,,-17524027.8422,11227561.387
Native Village of Barrow Inupiat Traditional Government,,Tribe,,Esther,,Evikana,,,President,Alaska,Fairbanks Agency,6090 Boxer Street,Barrow,Alaska,99723,(907) 852-4411,(907) 852-8844,esther.evikana@nvb-nsn.gov; fannie.suvlu@nvb-nsn.gov,https://nvb-nsn.gov/,P.O. Box 1130,Barrow,Alaska,99723,2021-11-01 00:00:00,2025-11-01 00:00:00,Three-year term,Arctic Slope Regional Corp.,Alaska,,Region 7 - Alaska,Arctic,Alaska,Alaska,North Slope,Alaska Native Village,-156.7445,71.30442,Tribal Office,Barrow,,-17448722.0101,11507173.5792
Native Village of Belkofski,,Tribe,,Lynn,,Farr,,,President,Alaska,Alaska Regional Office,338 Squirrel Rd,King Cove,Alaska,99612,(907) 497-3122,(907) 497-3123,kcbtc@arctic.net,,P.O. Box 57,King Cove,Alaska,99612,2022-10-01 00:00:00,2024-10-31 00:00:00,,The Aleut Corp.,Alaska,,Region 7 - Alaska,Western Alaska,Alaska,Alaska,Kodiak/Aleutians,Alaska Native Village,-162.2998,55.04234,Tribal Office,Belkofski,,-18067133.3071,7370086.9113
Native Village of Brevig Mission,,Tribe,,Gilbert,,Tocktoo,,,President,Alaska,Alaska Regional Office,101 Mission Street,Brevig Mission,Alaska,99785,(907) 642-4301,(907) 642-2099,tc.kts@kawerak.org,https://kawerak.org/our-region/brevig-mission/,P.O. Box 85039,Brevig Mission,Alaska,99785,2024-03-29 00:00:00,2027-03-29 00:00:00,3 year terms,Bering Straits Native Corp.,Alaska,,Region 7 - Alaska,Western Alaska,Alaska,Alaska,Seward Peninsula,Alaska Native Village,-166.4854,65.33286,Tribal Office,Brevig Mission,,-18533073.6817,9696597.8207
Native Village of Buckland,,Tribe,,Percy,,Ballot,Sr.,,President,Alaska,Alaska Regional Office,,,Alaska,,(907) 494-2171,(907) 494-2192,tribeadmin@nunachiak.org,https://www.nwabor.org/village/buckland/,P.O. Box 67,Buckland,Alaska,99727,2023-10-01 00:00:00,2026-10-01 00:00:00,3 year term,NANA Regional Corp.,Alaska,,Region 7 - Alaska,Western Alaska,Alaska,Alaska,Northwest Arctic,Alaska Native Village,-161.1248,65.97855,Tribal Office,Buckland,,-17936330.59,9870978.4066
Native Village of Cantwell,,Tribe,,Rene,,Nicklie,,,President,Alaska,Alaska Regional Office,,,Alaska,,(907) 768-2591,(907) 768-1111,hallvc@mtaonline.net,,P.O. Box 94,Cantwell,Alaska,99729,2024-01-01 00:00:00,2025-01-01 00:00:00,Election some time in January 2019,Ahtna Inc.,Alaska,,Region 7 - Alaska,Northwest Boreal,Alaska,Alaska,Southcentral,Alaska Native Village,-148.9508,63.3917,City Center,Cantwell,,-16581127.8438,9196947.7313
Native Village of Chenega,Chanega,Tribe,,Charles,W.,Totemoff,,,President,Alaska,Alaska Regional Office,"3000 C Street, Suite 301",Anchorage,Alaska,99503,907-600-9036,,amy.debruhl@chenega.com,https://www.chenega.com/about/the-chenega-story/,3000 C St. Ste. 301,Anchorage,Alaska,99503,2023-08-17 00:00:00,2025-08-16 00:00:00,,Chugach Alaska Corp.,Alaska,,Region 7 - Alaska,North Pacific,Alaska,Alaska,Southcentral,Alaska Native Village,-149.8875,61.1931,Tribal Office,Chenega,,-16685394.7439,8670298.1285
Native Village of Chignik Lagoon,,Tribe,,Daniel,,Grunert,,,President,Alaska,Alaska Regional Office,427 Airport Road,Chignik,Alaska,99565,(907) 840-2281,(907) 840-2217,info@chigniklagoon.net,https://chigniklagoon.net/index.html,P.O. Box 09,Chignik Lagoon,Alaska,99565,2026-04-01 00:00:00,2026-04-01 00:00:00,Two year term,Bristol Bay Native Corp.,Alaska,,Region 7 - Alaska,Western Alaska,Alaska,Alaska,Bristol Bay,Alaska Native Village,-158.5359,56.31133,Tribal Office,Chignik Lagoon,,-17648141.7162,7620644.8719
Native Village of Chitina,,Tribe,,Corina,,Ewan,,,President,Alaska,Alaska Regional Office,Mile 34.5 Edgerton Highway,Chitina,Alaska,99566,(907) 823-2215,(907) 823-2285,tribaladministrator@tsedina.org,https://www.chitina.org/,P.O. Box 31,Chitina,Alaska,99566,2022-05-18 00:00:00,2024-05-18 00:00:00,Election listed as month/year; 2 year term.,Ahtna Inc.,Alaska,,Region 7 - Alaska,North Pacific,Alaska,Alaska,Southcentral,Alaska Native Village,-144.4416,61.51898,Tribal Office,Chitina,,-16079170.1036,8745974.6506
"Native Village of Chuathbaluk (Russian Mission, Kuskokwim)",Chuathbaluk Traditional Council,Tribe,,Teresa,,Simeon-Hunter,,,Chairman,Alaska,Alaska Regional Office,#1 Teen Center Trail,Chuathbaluk,Alaska,99557,(907) 467-2120,(907) 467-4113,chuathtradcouncil@gmail.com,https://www.curarpaluk.com/history,P.O. Box CHU,Chuathbaluk,Alaska,99557,2024-10-01 00:00:00,2027-10-06 00:00:00,"Chairman serves 3 year term, ending 2027.",Calista Corp.,Alaska,,Region 7 - Alaska,Northwest Boreal,Alaska,Alaska,Yukon-Kuskokwim Delta,Alaska Native Village,-159.2406,61.57504,Tribal Office,Chuathbaluk,,-17726584.2645,8759073.7981
Native Village of Council,,Tribe,,Barbara,,Gray,,,Chairman,Alaska,Alaska Regional Office,606 E. 5th Avenue,Nome,Alaska,99762,(907) 443-7649,(907) 443-5965,tc.cou@kawerak.org,https://kawerak.org/,P.O. Box 2050,Nome,Alaska,99762,,2023-01-01 00:00:00,no changes as of 12/6/16,Bering Straits Native Corp.,Alaska,,Region 7 - Alaska,Western Alaska,Alaska,Alaska,Seward Peninsula,Alaska Native Village,-165.3887,64.49842,Tribal Office,Council,,-18410984.4309,9477476.546
Native Village of Deering,,Tribe,,Bobbie,Sue,Thomas,,,President,Alaska,Alaska Regional Office,36089 Main Street,Deering,Alaska,99736,(907) 363-2138,(907) 363-2195,tribeadmin@ipnatchiaq.org,https://www.nwabor.org/village/deering/,P.O. Box 36089,Deering,Alaska,99736,2026-03-01 00:00:00,2027-03-01 00:00:00,One year term; election listed as month/year.,NANA Regional Corp.,Alaska,,Region 7 - Alaska,Western Alaska,Alaska,Alaska,Northwest Arctic,Alaska Native Village,-162.722,66.0752,Tribal Office,Deering,,-18114129.5352,9897457.5588
Native Village of Diomede (aka Inalik),Inalik,Tribe,,Samantha,,Ozenna,,,President,Alaska,Alaska Regional Office,,,Alaska,,(907) 686-2175,(907) 686-2203,tc.dio@kawerak.org,https://kawerak.org/our-region/diomede/,P.O. Box 7079,Diomede,Alaska,99762,2024-10-01 00:00:00,2024-10-31 00:00:00,While updating the tribe informed us that Robert w,Bering Straits Native Corp.,Alaska,,Region 7 - Alaska,Western Alaska,Alaska,Alaska,Seward Peninsula,Alaska Native Village,-168.9518,65.75835,Tribal Office,Diomede,,-18807633.8883,9811021.1154
Native Village of Eagle,,Tribe,,Karma,,Ulvi,,,First Chief,Alaska,Fairbanks Agency,200 Jefferson Street,Eagle,Alaska,99738,(907) 547-2281,(907) 547-2318,kulvi@eaglevillageak.com,https://www.tananachiefs.org/about/communities/eagle/,P.O. Box 19,Eagle,Alaska,99738,2023-09-02 00:00:00,2025-09-02 00:00:00,2 year term,Doyon Ltd.,Alaska,,Region 7 - Alaska,Northwest Boreal,Alaska,Alaska,Eastern Interior,Alaska Native Village,-141.2027,64.78687,Tribal Office,Eagle,,-15718609.0114,9552453.4982
Native Village of Eek,,Tribe,,Annie,M.,Pete,,,President,Alaska,Alaska Regional Office,2 Council Street,Eek,Alaska,99578,(907) 536-5128,(907) 536-5711,nve89t@yahoo.com,,P.O. Box 89,Eek,Alaska,99578,2021-10-01 00:00:00,2024-10-01 00:00:00,Election 1st Tues of Oct; 3 yr term,Calista Corp.,Alaska,,Region 7 - Alaska,Western Alaska,Alaska,Alaska,Yukon-Kuskokwim Delta,Alaska Native Village,-162.0236,60.21536,City Center,Eek,,-18036381.0863,8447841.5956
Native Village of Ekuk,,Tribe,,Robert,,Heyano,,,President,Alaska,Alaska Regional Office,300 Main Street,Dillingham,Alaska,99576,(907) 842-3842,(907) 842-3843,info@ekuktribe.com,https://bbna.com/,P.O. Box 530,Dillingham,Alaska,99576,2024-01-17 00:00:00,2027-01-17 00:00:00,,Bristol Bay Native Corp.,Alaska,,Region 7 - Alaska,Western Alaska,Alaska,Alaska,Bristol Bay,Alaska Native Village,-158.4653,59.03917,Tribal Office,Ekuk,,-17640279.5991,8188857.8855
Native Village of Ekwok,,Tribe,,Luki,,Akelkok,Sr.,,President,Alaska,Alaska Regional Office,70 Main Street,Ekwok,Alaska,99580,(907) 464-3336,(907) 464-3378,King2rick@yahoo.com,https://bbna.com/,P.O. Box 70,Ekwok,Alaska,99580,2024-10-01 00:00:00,2025-10-31 00:00:00,,Bristol Bay Native Corp.,Alaska,,Region 7 - Alaska,Western Alaska,Alaska,Alaska,Yukon-Kuskokwim Delta,Alaska Native Village,-157.4785,59.35469,Tribal Office,Ekwok,,-17530424.7722,8257448.1037
Native Village of Elim,,Tribe,,Robert,A.,Keith,,,President,Alaska,Alaska Regional Office,,,Alaska,,(907) 890-3737,(907) 890-3738,tc.eli@kawerak.org,https://kawerak.org/our-region/elim/,P.O. Box 39070,Elim,Alaska,99739,2023-03-01 00:00:00,2026-03-01 00:00:00,,Bering Straits Native Corp.,Alaska,,Region 7 - Alaska,Western Alaska,Alaska,Alaska,Seward Peninsula,Alaska Native Village,-162.2602,64.61743,Tribal Office,Elim IRA,,-18062727.1703,9508314.7996
Native Village of Eyak (Cordova),Cordova,Tribe,,Brooke,,Mallory,,,Chairman,Alaska,Alaska Regional Office,110 Nicholoff Way,Cordova,Alaska,99574,(907) 424-7738,(907) 424-7739,reyna@eyak-nsn.gov;,https://www.eyak-nsn.gov/,P.O. Box 1388,Cordova,Alaska,99574,2023-10-05 00:00:00,2026-10-05 00:00:00,"Chairman's term ends October 2026, election listed as month/year.",Chugach Alaska Corp.,Alaska,,Region 7 - Alaska,North Pacific,Alaska,Alaska,Southcentral,Alaska Native Village,-145.7646,60.54269,Tribal Office,Eyak,,-16226446.4355,8521565.8106
Native Village of False Pass,,Tribe,,Travis,,Hoblet,,,President,Alaska,Alaska Regional Office,180 Unimak Drive,False Pass,Alaska,99583,(907) 548-2227,(844) 206-9004,office@fptribe.net,https://www.falsepasstribe.com/,P.O. Box 29,False Pass,Alaska,99583,2023-09-01 00:00:00,2026-09-01 00:00:00,Election listed as month/year,The Aleut Corp.,Alaska,,Region 7 - Alaska,Western Alaska,Alaska,Alaska,Kodiak/Aleutians,Alaska Native Village,-163.4155,54.854,Tribal Office,False Pass,,-18191328.9898,7333581.7509
Native Village of Fort Yukon,,Tribe,,Nancy,,James,,,First Chief,Alaska,Fairbanks Agency,3rd & Alder Street,Fort Yukon,Alaska,99740,(907) 662-2581,(907) 662-2222,melanie.herbert@fortyukon.org;,https://www.fortyukon.org/,P.O. Box 126,Fort Yukon,Alaska,99740,2020-11-07 00:00:00,2023-11-07 00:00:00,"AKA Gwichyaa Zhee Gwich'in Tribal Government, IRA",Doyon Ltd.,Alaska,,Region 7 - Alaska,Northwest Boreal,Alaska,Alaska,Eastern Interior,Alaska Native Village,-145.2442,66.56342,Tribal Office,Fort Yukon,,-16168512.266,10032779.781
Native Village of Gakona,,Tribe,,Linda,,Tyone,,,President,Alaska,Alaska Regional Office,Mile 4.8 Tok Cut Off,Gakona,Alaska,99588,(907) 822-5777,(907) 822-5997,charlene@nvgakona.com,https://nvgakona.com/,P.O. Box 102,Gakona,Alaska,99586,,2025-09-30 00:00:00,President's term ends 2026.,Ahtna Inc.,Alaska,,Region 7 - Alaska,Northwest Boreal,Alaska,Alaska,Southcentral,Alaska Native Village,-145.2119,62.3155,Tribal Office,Gakona,,-16164908.9876,8934344.2098
Native Village of Gambell,Sivuqaq,Tribe,,Jill,,Campbell,,,President,Alaska,Alaska Regional Office,500 Seppala Dr,Nome,Alaska,99762,(907) 985-5346,(907) 985-5014,tc.gam@kawerak.org,https://kawerak.org/our-region/gambell/,P.O. Box 90,Gambell,Alaska,99742,2020-11-01 00:00:00,2024-11-01 00:00:00,,Bering Straits Native Corp.,Alaska,,Region 7 - Alaska,Aleutian and Bering Sea Islands,Alaska,Alaska,Seward Peninsula,Alaska Native Village,-165.4113,64.50099,Tribal Office,Gambell,,-18413506.8527,9478141.3616
Native Village of Georgetown,,Tribe,,Jonathan,,Samuelson,,,Chairperson,Alaska,Alaska Regional Office,3701 Spenard Road,Anchorage,Alaska,99503,(907) 274-2195,(907) 274-2196,info@georgetowntc.com,https://www.georgetowntc.com/,3701 Spenard Road,Anchorage,Alaska,99503,2025-09-15 00:00:00,2026-09-15 00:00:00,Chairperson's three-year term ends 2028.,Calista Corp.,Alaska,,Region 7 - Alaska,Northwest Boreal,Alaska,Alaska,Western Interior,Alaska Native Village,-149.9102,61.18702,Tribal Office,Georgetown,,-16687923.5554,8668891.5186
Native Village of Goodnews Bay,,Tribe,,Brian,,Barnes,,,President,Alaska,Alaska Regional Office,100 Caribou Lane,Goodnews Bay,Alaska,99589,(907) 967-8929,(907) 967-8330,nvgbtribalclerk@outlook.com,,P.O. Box 138,Goodnews Bay,Alaska,99589,2023-11-01 00:00:00,2025-11-01 00:00:00,Two-year term ends 2023.,Calista Corp.,Alaska,,Region 7 - Alaska,Western Alaska,Alaska,Alaska,Yukon-Kuskokwim Delta,Alaska Native Village,-161.5766,59.12098,Tribal Office,Goodnews Bay,,-17986626.4391,8206580.3997
Native Village of Hamilton,,Tribe,,Richard,,Kamkoff,,,President,Alaska,Alaska Regional Office,,,Alaska,,(907) 899-2160/2161,,nvhamAK248@gmail.com,,P.O. Box 20248,Kotlik,Alaska,99620,2023-11-01 00:00:00,2027-11-01 00:00:00,Election listed as month/year.,Calista Corp.,Alaska,,Region 7 - Alaska,Western Alaska,Alaska,Alaska,Yukon-Kuskokwim Delta,Alaska Native Village,-163.5459,63.03331,City Center,Hamilton,,-18205848.9076,9108423.5701
Native Village of Hooper Bay,,Tribe,,Edgar,I,Tall,Sr.,,Tribal Chief,Alaska,Alaska Regional Office,002 Tomaganuk Road,Hooper Bay,Alaska,99604,(907) 758-4915,(907) 758-4066,nvhpb@nvhpb.org,,P.O. Box 69,Hooper Bay,Alaska,99604,2023-10-01 00:00:00,2026-10-01 00:00:00,Election listed as second Tuesday of October every year,Calista Corp.,Alaska,,Region 7 - Alaska,Western Alaska,Alaska,Alaska,Yukon-Kuskokwim Delta,Alaska Native Village,-166.1063,61.52752,Tribal Office,Hooper Bay,,-18490865.394,8747967.9704
Native Village of Kanatak,,Tribe,,Henry,F.,Forshey,,,President,Alaska,Alaska Regional Office,,,Alaska,,(907) 357-5991,(907) 357-5992,kanatak@mtaonline.net,https://www.kanatak.com/,P.O. Box 876822,Wasilla,Alaska,99687,2011-10-30 00:00:00,2017-10-30 00:00:00,,Bristol Bay Native Corp.,Alaska,,Region 7 - Alaska,Northwest Boreal,Alaska,Alaska,Bristol Bay,Alaska Native Village,-149.4417,61.58094,City Center,Kanatak,,-16635778.706,8760451.8499
Native Village of Karluk,,Tribe,,Alicia,,Andrew,,,Tribal Chief,Alaska,Alaska Regional Office,,,Alaska,,(907) 241-2230,(907) 241-2208,karlukiracouncil@aol.com,,P.O. Box 22,Karluk,Alaska,99608,,,,Koniag Inc.,Alaska,,Region 7 - Alaska,Western Alaska,Alaska,Alaska,Kodiak/Aleutians,Alaska Native Village,-154.436,57.56385,City Center,Karluk,,-17191735.2086,7876248.9643
Native Village of Kiana,,Tribe,,Lorena,,Walker,,,President,Alaska,Alaska Regional Office,69 Kozak Street,Kiana,Alaska,99749,(907) 475-2109,(907) 475-2180,tribedirector@katyaaq.org; president@katyaaq.org,https://www.nwabor.org/village/kiana/,P.O. Box 69,Kiana,Alaska,99749,2025-10-01 00:00:00,2027-10-01 00:00:00,Election listed as month/year.,NANA Regional Corp.,Alaska,,Region 7 - Alaska,Northwest Boreal,Alaska,Alaska,Northwest Arctic,Alaska Native Village,-160.4341,66.97198,Tribal Office,Kiana,,-17859440.3141,10148079.6172
Native Village of Kipnuk,,Tribe,,Daniel,,Paul,,,President,Alaska,Alaska Regional Office,101 Council Drive,Kipnuk,Alaska,99614,(907) 896-5515,(907) 896-5240,qipneq.5515@gmail.com,,P.O. Box 57,Kipnuk,Alaska,99614,2023-11-01 00:00:00,2024-11-01 00:00:00,"Election listed as month and year, 3 yr term",Calista Corp.,Alaska,,Region 7 - Alaska,Western Alaska,Alaska,Alaska,Yukon-Kuskokwim Delta,Alaska Native Village,-164.0379,59.93623,Tribal Office,Kipnuk,,-18260619.2057,8385552.9531
Native Village of Kivalina,,Tribe,,Enoch,,Adams,Jr.,,President,Alaska,Alaska Regional Office,51 Berry Street,Kivalina,Alaska,99750,(907) 645-2153,1-937-468-4242,tribeadmin@kivaliniq.org,https://www.nwabor.org/village/kivalina/,P.O. Box 50051,Kivalina,Alaska,99750,2023-10-01 00:00:00,2026-10-31 00:00:00,Three year term; election listed as month/year.,NANA Regional Corp.,Alaska,,Region 7 - Alaska,Arctic,Alaska,Alaska,Northwest Arctic,Alaska Native Village,-164.5399,67.72735,Tribal Office,Kivalina,,-18316503.3156,10366447.8588
Native Village of Kluti Kaah (aka Copper Center),Copper Center,Tribe,,Katherine,,McConkey,,,President,Alaska,Alaska Regional Office,104 Old Richardson Hwy,Copper Center,Alaska,99573,(907) 822-5541,(907) 822-5130,ta@klutikaah.org;,,P.O. Box 68,Copper Center,Alaska,99573,2025-06-01 00:00:00,2027-06-01 00:00:00,"2 year term, election listed as month/year",Ahtna Inc.,Alaska,,Region 7 - Alaska,Northwest Boreal,Alaska,Alaska,Southcentral,Alaska Native Village,-145.3397,61.98862,Tribal Office,Kluti Kaah,,-16179141.7523,8856443.9175
Native Village of Kobuk,,Tribe,,Johnetta,,Horner,,,President,Alaska,Alaska Regional Office,,,Alaska,,(907) 948-2203,(907) 948-2123,tribeadmin@laugvik.org; tribeclerk@laugvik.org,https://www.nwabor.org/village/kobuk/,P.O. Box 51039,Kobuk,Alaska,99751,2025-10-24 00:00:00,2026-10-01 00:00:00,Election listed as month/year/,NANA Regional Corp.,Alaska,,Region 7 - Alaska,Northwest Boreal,Alaska,Alaska,Northwest Arctic,Alaska Native Village,-156.8825,66.90768,Tribal Office,Kobuk,,-17464080.9495,10129805.5076
Native Village of Kongiganak,,Tribe,,Daniel,,Azean,Sr.,,President,Alaska,Alaska Regional Office,150 West of School,Kongiganak,Alaska,99559,(907) 557-5226/5225,(907) 557-5224,kong.tribe@gmail.com,,P.O. Box 5069,Kongiganak,Alaska,99545,2023-10-01 00:00:00,2025-10-01 00:00:00,President serving 3 year terms,Calista Corp.,Alaska,,Region 7 - Alaska,Western Alaska,Alaska,Alaska,Yukon-Kuskokwim Delta,Alaska Native Village,-162.8889,59.95915,Tribal Office,Kongiganak,,-18132707.5671,8390648.1128
Native Village of Kotzebue,,Tribe,,Toni,Raye,Bergan,,,Chairperson,Alaska,Alaska Regional Office,600 W. 5th Avenue,Kotzebue,Alaska,99752,(907) 442-3467,(907) 442-2162,Christina.hensley@qira.org,https://www.kotzebueira.org/,P.O. Box 296,Kotzebue,Alaska,99752,2024-05-01 00:00:00,2026-05-21 00:00:00,Chairperson's term ends 2027.,NANA Regional Corp.,Alaska,,Region 7 - Alaska,Western Alaska,Alaska,Alaska,Northwest Arctic,Alaska Native Village,-162.5977,66.89306,Tribal Office,Kotzebue,,-18100295.094,10125657.6046
Native Village of Koyuk,,Tribe,,Lola,C.,Hannon,,,President,Alaska,Alaska Regional Office,2nd & Spruce Street,Koyuk,Alaska,99753,(907) 963-3651,(907) 963-2353,tc.kka@kawerak.org,https://kawerak.org/our-region/koyuk/,P.O. Box 53030,Koyuk,Alaska,99753,2023-12-09 00:00:00,2024-12-14 00:00:00,1 year term,Bering Straits Native Corp.,Alaska,,Region 7 - Alaska,Western Alaska,Alaska,Alaska,Seward Peninsula,Alaska Native Village,-161.1634,64.93027,Tribal Office,Koyuk,,-17940628.2014,9590026.9275
Native Village of Kwigillingok,,Tribe,,William,,Igkurak,,,President,Alaska,Alaska Regional Office,"Albert Beaver, Sr, Building #90",Kwigillingok,Alaska,99622,(907) 588-2025,(907) 588-8429,tribaladmin@kwigtribe.org;,http://kwigtribe.org/,P.O. Box 90,Kwigillingok,Alaska,99622,2022-11-01 00:00:00,2026-11-01 00:00:00,2 year term; election listed as month/year. Elections moved to 2026 due to storm.,Calista Corp.,Alaska,,Region 7 - Alaska,Western Alaska,Alaska,Alaska,Yukon-Kuskokwim Delta,Alaska Native Village,-163.1473,59.86922,Tribal Office,Kwigillingok,,-18161470.4196,8370678.3152
Native Village of Kwinhagak (aka Quinhagak),Quinhagak,Tribe,,Jacqueline,,Cleveland,,,President,Alaska,Alaska Regional Office,149 Carter Road,Quinhagak,Alaska,99655,(907) 556-8171,(907) 556-8166,tribaladministrator@kwinhagak.org; president@kwinhagak.org,,P.O. Box 149,Quinhagak,Alaska,99655,2025-10-07 00:00:00,2027-10-01 00:00:00,Election listed as month/year; 3 year term for President,Calista Corp.,Alaska,,Region 7 - Alaska,Western Alaska,Alaska,Alaska,Yukon-Kuskokwim Delta,Alaska Native Village,-161.906,59.74864,Tribal Office,Kwinhagak,,-18023291.2834,8343986.7452
Native Village of Larsen Bay,,Tribe,,Richard,,Henson,,,President,Alaska,Alaska Regional Office,,,Alaska,99624,(907) 847-2207,(907) 847-2307,larsenbaytribe@gmail.com,https://www.larsenbaytribe.org/,P.O. Box 50,Larsen Bay,Alaska,99624,2020-10-06 00:00:00,2026-10-01 00:00:00,3 year term ends 10/2026.,Koniag Inc.,Alaska,,Region 7 - Alaska,Western Alaska,Alaska,Alaska,Kodiak/Aleutians,Alaska Native Village,-153.9822,57.53661,City Center,Larsen Bay,,-17141222.1845,7870596.7497
Native Village of Marshall (aka Fortuna Ledge),Fortuna Ledge,Tribe,,John,,Tikiun,Jr.,,Tribal President,Alaska,Alaska Regional Office,110 Poltes Avenue,Marshall,Alaska,99585,(907) 679-6302,(907) 679-6187,nvmarshallmanager@gmail.com,,P.O. Box 110,Marshall,Alaska,99585,2024-10-01 00:00:00,2025-10-01 00:00:00,Election listed as month/year. President's term ends 2026.,Calista Corp.,Alaska,,Region 7 - Alaska,Western Alaska,Alaska,Alaska,Yukon-Kuskokwim Delta,Alaska Native Village,-162.0836,61.87822,Tribal Office,Marshall,,-18043064.9089,8830324.3802
Native Village of Mary's Igloo,,Tribe,,Iris,D.,Topkok,,,President,Alaska,Alaska Regional Office,,,Alaska,,(907) 642-3731,(907) 642-2189,tc.mi@kawerak.org;,https://kawerak.org/our-region/marys-igloo/,P.O. Box 546,Teller,Alaska,99778,2025-08-30 00:00:00,2026-08-30 00:00:00,President has one-year Term,Bering Straits Native Corp.,Alaska,,Region 7 - Alaska,Western Alaska,Alaska,Alaska,Yukon-Kuskokwim Delta,Alaska Native Village,-166.3621,65.2634,City Center,Mary's Igloo,,-18519343.2686,9678098.0219
Native Village of Mekoryuk,,Tribe,,Edward,I.,Kiokun,,,President,Alaska,Alaska Regional Office,100 Chase Road,Mekoryuk,Alaska,99630,(907) 827-8828,(907) 827-8133,admin@mekoryuktc.org,http://www.mekoryuktc.org,P.O. Box 66,Mekoryuk,Alaska,99630,2025-10-01 00:00:00,2026-10-01 00:00:00,President's term ends 2027.,Calista Corp.,Alaska,,Region 7 - Alaska,Western Alaska,Alaska,Alaska,Yukon-Kuskokwim Delta,Alaska Native Village,-166.193,60.38623,Tribal Office,Mekoryuk,,-18500521.0685,8486235.3078
Native Village of Minto,,Tribe,,Lori,,Baker,,,Chief,Alaska,Fairbanks Agency,,,Alaska,,(907) 798-7112,,ta@villageofminto.org,https://mintodevelopmentcorp.com/minto-alaska/,P.O. Box 58026,Minto,Alaska,99758,2025-02-11 00:00:00,2027-01-01 00:00:00,Election listed as month of January,Doyon Ltd.,Alaska,,Region 7 - Alaska,Northwest Boreal,Alaska,Alaska,Eastern Interior,Alaska Native Village,-149.3433,65.15063,Tribal Office,Minto,,-16624821.8809,9648160.0082
Native Village of Nanwalek (aka English Bay),English Bay,Tribe,,Larissa,,Jimmy,,,First Chief,Alaska,Alaska Regional Office,100 Nikita Street,Nanwalek,Alaska,99603,(907) 281-2274,(907) 281-2252,katrina@nanwalekira.com; Luvleejimmy@gmail.com,,P.O. Box 8028,Nanwalek,Alaska,99603,2024-01-02 00:00:00,2026-09-20 00:00:00,,Chugach Alaska Corp.,Alaska,,Region 7 - Alaska,Northwest Boreal,Alaska,Alaska,Southcentral,Alaska Native Village,-151.9218,59.35739,Tribal Office,Nanwalek,,-16911855.5685,8258036.2955
Native Village of Napaimute,,Tribe,,Shelly,,Leary,,,Acting President,Alaska,Alaska Regional Office,225 A Main Street,Bethel,Alaska,99559,907-675-4388,,nvngovernment@gmail.com,https://napaimute.org/,P.O. Box 107,Aniak,Alaska,99557,2024-07-10 00:00:00,2025-07-31 00:00:00,3 year term ending in 2022,Calista Corp.,Alaska,,Region 7 - Alaska,Western Alaska,Alaska,Alaska,Yukon-Kuskokwim Delta,Alaska Native Village,-161.7598,60.79321,Tribal Office,Napaimute,,-18007021.5391,8578495.614
Native Village of Napakiak,,Tribe,,Robert,N.,Ayagalria,Jr.,,President,Alaska,Alaska Regional Office,1083 Mission Road,Napakiak,Alaska,99634,(907) 589-2135,(907) 589-2136,nativevillageof_napakiak@yahoo.com,,P.O. Box 34069,Napakiak,Alaska,99634,2021-11-08 00:00:00,2024-11-08 00:00:00,President's 2-year term ends 2023,Calista Corp.,Alaska,,Region 7 - Alaska,Western Alaska,Alaska,Alaska,Yukon-Kuskokwim Delta,Alaska Native Village,-161.9907,60.69667,Tribal Office,Napakiak,,-18032721.3578,8556505.2943
Native Village of Napaskiak,,Tribe,,Sharon,,Williams,,,Chief,Alaska,Alaska Regional Office,101 Main Street,Napaskiak,Alaska,99559,(907) 737-7364,(907) 737-7039,pka_ntc@yahoo.com,,P.O. Box 6009,Napaskiak,Alaska,99559,2023-11-01 00:00:00,2026-11-01 00:00:00,Election listed as a month/year.,Calista Corp.,Alaska,,Region 7 - Alaska,Western Alaska,Alaska,Alaska,Yukon-Kuskokwim Delta,Alaska Native Village,-161.7559,60.70826,Tribal Office,Napaskiak,,-18006583.2965,8559140.7809
Native Village of Nelson Lagoon,,Tribe,,Angela,,Johnson,,,President,Alaska,Alaska Regional Office,913 S. Main Street,Nelson Lagoon,Alaska,99571,(907) 989-2204,(907) 989-2233,nelsonlagoonentities@gmail.com,,"913 S. Main Street, Box 913",Nelson Lagoon,Alaska,99571,2024-02-01 00:00:00,2025-02-01 00:00:00,election listed as fall.,The Aleut Corp.,Alaska,,Region 7 - Alaska,Western Alaska,Alaska,Alaska,Yukon-Kuskokwim Delta,Alaska Native Village,-161.2025,56.0004,Tribal Office,Nelson Lagoon,,-17944975.0494,7558496.1531
Native Village of Nightmute,,Tribe,,Simeon,,Tulik,,,President,Alaska,Alaska Regional Office,101 Changtak Street,Nightmute,Alaska,99690,(907) 647-6215,(907) 647-6112,negtemiut.tribe@gmail.com,,P.O. Box 90021,Nightmute,Alaska,99690,2023-10-01 00:00:00,2026-10-01 00:00:00,election listed as month/year,Calista Corp.,Alaska,,Region 7 - Alaska,Western Alaska,Alaska,Alaska,Yukon-Kuskokwim Delta,Alaska Native Village,-164.7258,60.47878,Tribal Office,Nightmute,,-18337195.5272,8507113.7713
Native Village of Nikolski,,Tribe,,Arnold,,Dushkin,,,President,Alaska,Alaska Regional Office,,,Alaska,,907-575-1238,,nvnikolski@hotmail.com,,P.O. Box 105,Nikolski,Alaska,99638,2024-08-01 00:00:00,2026-08-31 00:00:00,Election is Spring of next year (date not known),The Aleut Corp.,Alaska,,Region 7 - Alaska,Aleutian and Bering Sea Islands,Alaska,Alaska,Kodiak/Aleutians,Alaska Native Village,-168.8578,52.93998,Tribal Office,Nikolski,,-18797167.9971,6971902.7895
Native Village of Noatak,,Tribe,,Noah,,Penn,Sr.,,President,Alaska,Alaska Regional Office,Napaaqtugmiut School,Noatak,Alaska,99761,(907) 485-2173,(907) 485-2137,tribeadmin@nautaaq.org,https://www.nwabor.org/village/noatak/,P.O. Box 89,Noatak,Alaska,99761,2023-01-01 00:00:00,2024-12-31 00:00:00,election listed as month/year.,NANA Regional Corp.,Alaska,,Region 7 - Alaska,Arctic,Alaska,Alaska,Northwest Arctic,Alaska Native Village,-162.9881,67.57188,Tribal Office,Noatak,,-18143748.6906,10320937.7572
Native Village of Nuiqsut (aka Nooiksut),Nooiksut,Tribe,,Vernon,,Bennet,,,President,Alaska,Fairbanks Agency,2205 2nd Avenue,Nuiqsut,Alaska,99789,(907) 480-3010,(907) 480-3009,administrator@nvnuiqsut.org,https://www.nvnuiqsut.org/,P.O. Box 89169,Nuiqsut,Alaska,99789,2023-10-01 00:00:00,2026-10-31 00:00:00,President's term ends 10/2022.,Arctic Slope Regional Corp.,Alaska,,Region 7 - Alaska,Arctic,Alaska,Alaska,North Slope,Alaska Native Village,-150.9923,70.21737,Tribal Office,Nuiqsut,,-16808385.3152,11139835.643
Native Village of Nunam Iqua,Native Village of Sheldon's Point,Tribe,,Alan,,Peter,,,President,Alaska,Alaska Regional Office,27 Main Road,Nunam Iqua,Alaska,99666,(907) 498-4184,(907) 498-4185,nunamtribe@gmail.com,,P.O. Box 27,Nunam Iqua,Alaska,99666,2025-10-01 00:00:00,2026-10-01 00:00:00,"Election listed as month, year; 3 year term",Calista Corp.,Alaska,,Region 7 - Alaska,Western Alaska,Alaska,Alaska,Yukon-Kuskokwim Delta,Alaska Native Village,-164.8503,62.53106,Tribal Office,Nunam Iqua,,-18351052.711,8986178.9858
Native Village of Nunapitchuk,,Tribe,,Wassilie,,Pleasant,,,President,Alaska,Alaska Regional Office,103 Johnsons Loop,Nunapitchuk,Alaska,99641,(907) 527-5705,(907) 527-5711,tribaladmin@yupik.org,http://www.yupik.org/,P.O. Box 130,Nunapitchuk,Alaska,99641,2022-10-03 00:00:00,2024-10-01 00:00:00,,Calista Corp.,Alaska,,Region 7 - Alaska,Western Alaska,Alaska,Alaska,Yukon-Kuskokwim Delta,Alaska Native Village,-162.4565,60.89692,Tribal Office,Nunapitchuk,,-18084574.5444,8602193.5179
Native Village of Ouzinkie,,Tribe,,Robert,,Boskofsky,Sr.,,President,Alaska,Alaska Regional Office,214 3rd Street,Ouzinkie,Alaska,99644,(907) 680-2259,,ouztribe@gmail.com,http://www.ouzinkie.org,P.O. Box 130,Ouzinkie,Alaska,99644,2025-10-01 00:00:00,2028-10-01 00:00:00,3 year term; election listed as month/year.,Koniag Inc.,Alaska,,Region 7 - Alaska,Western Alaska,Alaska,Alaska,Kodiak/Aleutians,Alaska Native Village,-152.4996,57.92425,Tribal Office,Ouzinkie,,-16976178.1855,7951421.1571
Native Village of Paimiut,,Tribe,,Estelle,,Thomson,,,President,Alaska,Alaska Regional Office,"4300 B Street, Suite 100-C",Anchorage,Alaska,99503,(907) 561-0304,(907) 561-0305,"paimiut@nvptc.org, colleent@nvptc.org;",https://www.nativevillageofpaimiut.org/,P.O. Box 240084,Anchorage,Alaska,99534,2024-04-19 00:00:00,2027-04-19 00:00:00,2 year term.,Calista Corp.,Alaska,,Region 7 - Alaska,Western Alaska,Alaska,Alaska,Yukon-Kuskokwim Delta,Alaska Native Village,-149.8851,61.18159,Tribal Office,Paimiut,,-16685138.3528,8667638.4421
Native Village of Perryville,,Tribe,,Gerald,B.,Kosbruk,,,President,Alaska,Alaska Regional Office,101 1st Avenue,Perryville,Alaska,99648,(907) 853-4073,(907) 853-2230,nativevillageofperryville@outlook.com,https://lakeandpen.com/perryville,P.O. Box 89,Perryville,Alaska,99648,1996-10-01 00:00:00,,,Bristol Bay Native Corp.,Alaska,,Region 7 - Alaska,Western Alaska,Alaska,Alaska,Bristol Bay,Alaska Native Village,-159.1451,55.91277,Tribal Office,Perryville,,-17715951.0267,7541070.8134
Native Village of Pilot Point,,Tribe,,Victor,,Seybert,,,President,Alaska,Alaska Regional Office,2200 Main St,Pilot Point,Alaska,99469,(907) 797-2208,(907) 797-2258,pilotpointadmin@bbna.com,https://lakeandpen.com/village-pilot-point,P.O. Box 449,Pilot Point,Alaska,99469,2013-02-01 00:00:00,2015-02-02 00:00:00,,Bristol Bay Native Corp.,Alaska,,Region 7 - Alaska,Western Alaska,Alaska,Alaska,Bristol Bay,Alaska Native Village,-157.5778,57.56424,Tribal Office,Pilot Point,,-17541477.5398,7876330.4504
Native Village of Point Hope,,Tribe,,Adela,,Lane,,,President,Alaska,Fairbanks Agency,916 Ippiq Street,Pt. Hope,Alaska,99766,(907) 368-2330,(907) 368-2332,executive.director@tikigaq.org; adela.lane@tikigaq.org,https://www.north-slope.org/our-communities/point-hope/,P.O. Box 109,Pt. Hope,Alaska,99766,2024-12-23 00:00:00,2026-12-01 00:00:00,President's Term ends 2027.,Arctic Slope Regional Corp.,Alaska,,Region 7 - Alaska,Arctic,Alaska,Alaska,North Slope,Alaska Native Village,-166.7414,68.34874,Tribal Office,Point Hope IRA,,-18561567.5084,10551418.937
Native Village of Point Lay,,Tribe,,Leo,,Ferreira,III,,President,Alaska,Fairbanks Agency,217 Qigalik Avenue,Point Lay,Alaska,99759,(907) 833-5052,(907) 833-8868,ptlay.ira@gmail.com,https://www.north-slope.org/our-communities/point-lay/,P.O. Box 59031,Point Lay,Alaska,99759,2026-04-11 00:00:00,2027-04-11 00:00:00,,Arctic Slope Regional Corp.,Alaska,,Region 7 - Alaska,Arctic,Alaska,Alaska,North Slope,Alaska Native Village,-163.0099,69.74177,Tribal Office,Point Lay IRA,,-18146175.9898,10985183.0388
Native Village of Port Graham,,Tribe,,Patrick,N.,Norman,,,First Chief,Alaska,Alaska Regional Office,63795 Graham Road,Port Graham,Alaska,99603,(907) 284-2227,(907) 284-2222,fran@portgraham.org; pnormanvc@hotmail.com,,P.O. Box 5510,Port Graham,Alaska,99603,2022-03-08 00:00:00,2025-03-01 00:00:00,Election listed as month and year,Chugach Alaska Corp.,Alaska,,Region 7 - Alaska,Northwest Boreal,Alaska,Alaska,Southcentral,Alaska Native Village,-151.8268,59.34754,Tribal Office,Port Graham,,-16901280.8514,8255886.0928
Native Village of Port Heiden,,Tribe,,John,,Christensen,Jr.,,President,Alaska,Alaska Regional Office,2200 James Street,Port Heiden,Alaska,99549,(907) 837-2296,(907) 837-2297,admin@portheidenalaska.com;,https://lakeandpen.com/port-heiden,P.O. Box 49007,Port Heiden,Alaska,99549,2023-11-07 00:00:00,2026-11-07 00:00:00,Election listed as November,Bristol Bay Native Corp.,Alaska,,Region 7 - Alaska,Western Alaska,Alaska,Alaska,Bristol Bay,Alaska Native Village,-158.619,56.93005,Tribal Office,Port Heiden,,-17657391.7759,7745834.8984
Native Village of Port Lions,,Tribe,,Charlea,,Kewan-Bartleson,,,President,Alaska,Alaska Regional Office,2006 Airport Road,Port Lions,Alaska,99550,(907) 454-2234,(907) 454-2434,ckewan@portlionstribe.org; administrator@portlionstribe.org,https://portlionstribe.net/,P.O. Box 69,Port Lions,Alaska,99550,2021-09-18 00:00:00,2026-09-12 00:00:00,President's 3-year term ends 2027. Election listed as month/year.,Koniag Inc.,Alaska,,Region 7 - Alaska,Western Alaska,Alaska,Alaska,Kodiak/Aleutians,Alaska Native Village,-152.8805,57.86892,Tribal Office,Port Lions,,-17018575.0151,7939831.1768
Native Village of Ruby,,Tribe,,Katherine,,Dozette,,,First Chief,Alaska,Fairbanks Agency,210 Bobby Kennedy Sr. Way,Ruby,Alaska,99768,(907) 468-4479,,rubynativecouncil@hotmail.com,https://www.tananachiefs.org/about/communities/ruby/,P.O. Box 210,Ruby,Alaska,99768,2025-10-01 00:00:00,2026-10-01 00:00:00,Election listed as month/year. Chief's term expires 2027.,Doyon Ltd.,Alaska,,Region 7 - Alaska,Northwest Boreal,Alaska,Alaska,Western Interior,Alaska Native Village,-155.4884,64.73715,Tribal Office,Ruby,,-17308884.7812,9539474.3414
Native Village of Saint Michael,,Tribe,,Theresa,,Kobuk,,,President,Alaska,Alaska Regional Office,10 Baker St,St Michael,Alaska,99659,(907) 923-2304,(907) 923-2406,smkira21@gmail.com,https://kawerak.org/our-region/st-michael/,P.O. Box 59050,St. Michael,Alaska,99659,2024-06-28 00:00:00,2027-01-31 00:00:00,Election listed as month/year.,Bering Straits Native Corp.,Alaska,,Region 7 - Alaska,Western Alaska,Alaska,Alaska,Seward Peninsula,Alaska Native Village,-162.0328,63.47846,Tribal Office,St. Michael IRA,,-18037406.105,9218543.3872
Native Village of Savoonga,,Tribe,,Bengamin,,Pungowiyi,,,President,Alaska,Alaska Regional Office,1 Qemiq Road,Savoonga,Alaska,99769,(907) 984-6414,(907) 984-6027,tc.sva@kawerak.org,https://kawerak.org/our-region/savoonga/,P.O. Box 120,Savoonga,Alaska,99769,2023-10-04 00:00:00,2025-10-15 00:00:00,Election listed as month/year.,Bering Straits Native Corp.,Alaska,,Region 7 - Alaska,Aleutian and Bering Sea Islands,Alaska,Alaska,Seward Peninsula,Alaska Native Village,-170.484,63.693,Tribal Office,Savoonga,,-18978193.5489,9272228.4819
Native Village of Scammon Bay,,Tribe,,Anthony,,Ulak,,,President,Alaska,Alaska Regional Office,103 Askinuk Street,Scammon Bay,Alaska,99662,(907) 558-5425,(907) 558-5134,admin@marayarmiut.com;,,P.O. Box 126,Scammon Bay,Alaska,99662,2023-07-11 00:00:00,2025-12-31 00:00:00,"3 year term, expiring 12/31/2025.",Calista Corp.,Alaska,,Region 7 - Alaska,Western Alaska,Alaska,Alaska,Yukon-Kuskokwim Delta,Alaska Native Village,-165.5819,61.84115,Tribal Office,Scammon Bay,,-18432495.6201,8821574.7662
Native Village of Selawik,,Tribe,,Allen,,Ticket,Sr.,,President,Alaska,Fairbanks Agency,59 North Tundra Street,Selawik,Alaska,99770,(907) 484-2165,(907) 484-2226,tribeadmin@akuligaq.org; allen.ticket@akuligaq.org,https://www.nwabor.org/village/selawik/,P.O. Box 59,Selawik,Alaska,99770,2023-10-03 00:00:00,2026-10-06 00:00:00,Three Year Term,NANA Regional Corp.,Alaska,,Region 7 - Alaska,Western Alaska,Alaska,Alaska,Northwest Arctic,Alaska Native Village,-160.014,66.59706,Tribal Office,Selawik,,-17812672.7474,10042200.5639
Native Village of Shaktoolik,,Tribe,,Axel,W.,Jackson,,,President,Alaska,Alaska Regional Office,100 Main Street,Shaktoolik,Alaska,99771,(907) 955-3701,(907) 955-2352,tc.skk@kawerak.org; ijackson@kawerak.org,https://kawerak.org/our-region/shaktoolik/,P.O. Box 100,Shaktoolik,Alaska,99771,2022-05-01 00:00:00,2025-02-28 00:00:00,,Bering Straits Native Corp.,Alaska,,Region 7 - Alaska,Western Alaska,Alaska,Alaska,Seward Peninsula,Alaska Native Village,-161.1855,64.34892,Tribal Office,Shaktoolik,,-17943087.9057,9438927.5993
Native Village of Shishmaref,,Tribe,,Nancy,,Kokeok,,,President,Alaska,Alaska Regional Office,72029 Lagoon View,Shishmaref,Alaska,99772,(907) 649-3821,(907) 649-2104,tc.shh@kawerak.org,https://kawerak.org/our-region/shishmaref/,P.O. Box 72110,Shishmaref,Alaska,99772,2023-11-01 00:00:00,2024-11-01 00:00:00,2 year terms,Bering Straits Native Corp.,Alaska,,Region 7 - Alaska,Western Alaska,Alaska,Alaska,Seward Peninsula,Alaska Native Village,-166.0593,66.25784,Tribal Office,Shishmaref IRA,,-18485632.8324,9947774.0916
Native Village of Shungnak,,Tribe,,Frederick,,Sun,Sr.,,President,Alaska,Alaska Regional Office,24 Andy Lane,Shungnak,Alaska,99773,(907) 437-2163,(907) 437-2183,tribeadmin@issingnak.org; tribeclerk@issingnak.org,https://www.nwabor.org/village/shungnak/,P.O. Box 73064,Shungnak,Alaska,99773,2023-10-01 00:00:00,2026-10-01 00:00:00,Election listed as month/year; 3 Year Term.,NANA Regional Corp.,Alaska,,Region 7 - Alaska,Western Alaska,Alaska,Alaska,Northwest Arctic,Alaska Native Village,-157.1396,66.88722,Tribal Office,Shungnak,,-17492696.8713,10124003.0797
Native Village of South Naknek (previously listed as South Naknek Village),Qinuyang,Tribe,,Fred,T.,Angasan,Sr.,,President,Alaska,Alaska Regional Office,101 Airport Street,South Naknek,Alaska,99670,(907) 246-7942,907-246-7941,aelbie.snvc@gmail.com,,P.O. Box 70029,South Naknek,Alaska,99670,2025-01-18 00:00:00,2025-12-01 00:00:00,Election listed as Third Week in December; President's term ends December 2027.,Bristol Bay Native Corp.,Alaska,,Region 7 - Alaska,Western Alaska,Alaska,Alaska,Bristol Bay,Alaska Native Village,-157.0082,58.7136,Tribal Office,South Naknek,,-17478075.8243,8118740.1695
Native Village of Stevens,,Tribe,,David,,Kriska,,,First Chief,Alaska,Fairbanks Agency,1 Harding Road,Stevens Village,Alaska,99704,(907) 478-7228,(907) 478-7229,svs.ira.council@gmail.com; margaret.matthew@tananachiefs.org,https://www.tananachiefs.org/about/communities/stevens-village/,P.O. Box 74016,Stevens Village,Alaska,99774,,2023-01-01 00:00:00,Election listed only as January; two year term,Doyon Ltd.,Alaska,,Region 7 - Alaska,Northwest Boreal,Alaska,Alaska,Eastern Interior,Alaska Native Village,-149.0856,66.00361,Tribal Office,Stevens Village,,-16596131.251,9877832.7772
Native Village of Tanacross,,Tribe,,Herbert,F.,Demit,,,President,Alaska,Fairbanks Agency,1001 Tanacross Boulevard,Tanacross,Alaska,99776,(907) 883-5024,(907) 883-4497,jerry_isaac@hotmail.com,https://www.tananachiefs.org/about/communities/tanacross/,P.O. Box 76009,Tanacross,Alaska,99776,2014-05-01 00:00:00,2025-05-01 00:00:00,Three year term,Doyon Ltd.,Alaska,,Region 7 - Alaska,Northwest Boreal,Alaska,Alaska,Eastern Interior,Alaska Native Village,-143.3611,63.37825,Tribal Office,Tanacross,,-15958882.4252,9193604.6024
Native Village of Tanana,,Tribe,,Julie,,Roberts-Hyslop,,,First Chief,Alaska,Fairbanks Agency,1st Avenue,Tanana,Alaska,99777,(907) 366-7170,(907) 366-7402,info@tananatribe.org; 1stchief@tananatribe.org,https://www.tananachiefs.org/about/communities/tanana/,P.O. Box 130,Tanana,Alaska,99777,2023-05-02 00:00:00,2025-05-06 00:00:00,,Doyon Ltd.,Alaska,,Region 7 - Alaska,Northwest Boreal,Alaska,Alaska,Eastern Interior,Alaska Native Village,-152.09,65.17123,Tribal Office,Tanana,,-16930578.9391,9653617.5788
Native Village of Tatitlek,,Tribe,,Nanci,,Robart,,,President,Alaska,Alaska Regional Office,503 Copper Mountain Road,Tatitlek,Alaska,99677,(907) 325-2311,(907) 325-2298,nanci@tatitlekira.com,https://tatitlek.com/,P.O. Box 171,Tatitlek,Alaska,99677,2023-11-01 00:00:00,2025-11-01 00:00:00,as of 04/28/16 next election undetermined,Chugach Alaska Corp.,Alaska,,Region 7 - Alaska,North Pacific,Alaska,Alaska,Southcentral,Alaska Native Village,-146.6794,60.86344,Tribal Office,Tatitlek,,-16328275.8507,8594534.5223
Native Village of Tazlina,Tazlina Village Council,Tribe,,Gloria,,Stickwan,,,President,Alaska,Alaska Regional Office,Mile 110.5 Richardson Highway,Glennallen,Alaska,99588,(907) 822-4375,(907) 822-5865,tazlina.tribal@gmail.com,https://tazlinavillage.my.canva.site/,P.O. Box 87,Glennallen,Alaska,99588,2024-07-01 00:00:00,2026-07-31 00:00:00,Three-year term; election listed as month/year.,Ahtna Inc.,Alaska,,Region 7 - Alaska,Northwest Boreal,Alaska,Alaska,Southcentral,Alaska Native Village,-145.4282,62.05197,Tribal Office,Tazlina,,-16188989.208,8871475.6823
Native Village of Teller,,Tribe,,Kacey,,Okbaok,,,President,Alaska,Fairbanks Agency,545 Tundra St,Teller,Alaska,99778,(907) 642-3381,(907) 642-2072,tc.tla@kawerak.org,https://kawerak.org/our-region/teller/,P.O. Box 567,Teller,Alaska,99778,2024-08-16 00:00:00,2025-08-16 00:00:00,,Bering Straits Native Corp.,Alaska,,Region 7 - Alaska,Western Alaska,Alaska,Alaska,Seward Peninsula,Alaska Native Village,-166.3636,65.26466,Tribal Office,Teller,,-18519511.194,9678433.8235
Native Village of Tetlin,,Tribe,,Michael,,Sam,,,President,Alaska,Fairbanks Agency,MP 1308 Alaska Highway,Tok,Alaska,99780,(907) 883-2021,(907) 883-1267,tetlinvillagecouncil@gmail.com,https://www.tananachiefs.org/about/communities/tetlin/,P.O. Box 797,Tok,Alaska,99780,2024-03-27 00:00:00,2028-03-27 00:00:00,Election every 4 years,Doyon Ltd.,Alaska,,Region 7 - Alaska,Northwest Boreal,Alaska,Alaska,Eastern Interior,Alaska Native Village,-142.5262,63.13648,Tribal Office,Tetlin,,-15865943.363,9133794.1823
Native Village of Tuntutuliak,,Tribe,,Robert,,Enoch,,,President,Alaska,Alaska Regional Office,101 Patluska Street,Tuntutuliak,Alaska,99680,(907) 256-2128,(907) 256-2080,nativevillageoftuntutuliak@outlook.com,,P.O. Box 8086,Tuntutuliak,Alaska,99680,2022-11-07 00:00:00,2024-11-07 00:00:00,,Calista Corp.,Alaska,,Region 7 - Alaska,Western Alaska,Alaska,Alaska,Yukon-Kuskokwim Delta,Alaska Native Village,-162.6667,60.34358,Tribal Office,Tuntutuliak,,-18107973.8234,8476632.9083
Native Village of Tununak,,Tribe,,Susie,,Walter,,,President,Alaska,Alaska Regional Office,77 Main Street,Tununak,Alaska,99681,(907) 652-6527,(907) 652-6011,nativevillagetununak@gmail.com,,P.O. Box 77,Tununak,Alaska,99681,2020-11-30 00:00:00,2024-11-30 00:00:00,3 year terms,Calista Corp.,Alaska,,Region 7 - Alaska,Western Alaska,Alaska,Alaska,Yukon-Kuskokwim Delta,Alaska Native Village,-165.263,60.58124,Tribal Office,Tununak,,-18396992.0719,8530297.7068
Native Village of Tyonek,,Tribe,,Robert,,Stephan,Sr.,,President,Alaska,Alaska Regional Office,100 A Street,Tyonek,Alaska,99682,(907) 583-2201,(907) 583-2442,NVTPresident@gmail.com;,https://www.tyonek.com/,P.O. Box 82009,Tyonek,Alaska,99682,2025-01-25 00:00:00,,"3 year term, 9am to 1pm in office",Cook Inlet Region Inc.,Alaska,,Region 7 - Alaska,Northwest Boreal,Alaska,Alaska,Southcentral,Alaska Native Village,-151.1399,61.06662,Tribal Office,Tyonek,,-16824816.3615,8641136.7913
Native Village of Unalakleet,,Tribe,,Frank,,Katchatag,,,President,Alaska,Fairbanks Agency,100 Main Street,Unalakleet,Alaska,99684,(907) 615-4611,(907) 615-4604,president@unkira.org; tracy.cooper@unkira.org,https://www.nativevillageofunalakleet.org/,P.O. Box 270,Unalakleet,Alaska,99684,2023-03-04 00:00:00,2026-02-01 00:00:00,3 year term.,Bering Straits Native Corp.,Alaska,,Region 7 - Alaska,Western Alaska,Alaska,Alaska,Seward Peninsula,Alaska Native Village,-160.792,63.8766,Tribal Office,Unalakleet,,-17899285.111,9318496.4078
Native Village of Unga,,Tribe,,John,A.,Foster,,,President,Alaska,Alaska Regional Office,508 Red Cove Road,Sand Point,Alaska,99661,(907) 383-2415,,ungatribe@arctic.net,,P.O. Box 508,Sand Point,Alaska,99661,2021-06-01 00:00:00,2024-06-01 00:00:00,President's term ends 6/1/2024,The Aleut Corp.,Alaska,,Region 7 - Alaska,Western Alaska,Alaska,Alaska,Kodiak/Aleutians,Alaska Native Village,-160.4837,55.34751,Tribal Office,Unga,,-17864962.4733,7429604.443
Native Village of Venetie Tribal Government (Arctic Village and Village of Venetie),"Arctic Village, Village of Venetie",Tribe,,Raeann,,Garnett,,,First Chief,Alaska,Fairbanks Agency,110 Woodyard Road,Venetie,Alaska,99781,(907) 849-8165,(907) 849-8097,venetietribal@gmail.com; garnett@raeann@gmail.com,,P.O. Box 81080,Venetie,Alaska,99781,2022-11-12 00:00:00,2025-11-12 00:00:00,,Doyon Ltd.,Alaska,,Region 7 - Alaska,Northwest Boreal,Alaska,Alaska,Eastern Interior,Alaska Native Village,-146.4209,67.01636,Tribal Office,Venetie IRA,,-16299497.4357,10160719.6522
Native Village of Wales,,Tribe,,Anna,M.,Oxereok,,,President,Alaska,Alaska Regional Office,500 Airport Way,Wales,Alaska,99783,(907) 664-3062,(907) 664-3062,tc.waa@kawerak.org,https://kawerak.org/,P.O. Box 549,Wales,Alaska,99783,2020-06-29 00:00:00,2023-06-29 00:00:00,,Bering Straits Native Corp.,Alaska,,Region 7 - Alaska,Western Alaska,Alaska,Alaska,Seward Peninsula,Alaska Native Village,-168.0914,65.61037,Tribal Office,Wales,,-18711851.7041,9771013.2895
Native Village of White Mountain,,Tribe,,Mary,D.,Charles,,,President,Alaska,Alaska Regional Office,101 White Mountain Hill Road,White Mountain,Alaska,99784,(907) 638-3651,(907) 638-3652,tc.wmo@kawerak.org,https://kawerak.org/our-region/white-mountain/,P.O. Box 84090,White Mountain,Alaska,99784,2023-12-31 00:00:00,2024-12-31 00:00:00,President elected yearly.,Bering Straits Native Corp.,Alaska,,Region 7 - Alaska,Western Alaska,Alaska,Alaska,Seward Peninsula,Alaska Native Village,-163.4106,64.68127,Tribal Office,White Mountain AK,,-18190788.0439,9524914.1898
"Navajo Nation, Arizona, New Mexico, & Utah",,Tribe,,Buu,,Nygren,,,President,Navajo,Navajo Regional Office,100 Parkway,Window Rock,Arizona,86515,(928) 871-7000,(928) 871-4025,president.buunygren@navajo-nsn.gov,https://www.navajo-nsn.gov/,P.O. Box 7440,Window Rock,Arizona,86515,2022-11-06 00:00:00,2026-11-01 00:00:00,,,Arizona,Upper/Lower Colorado,Region 2 - Southwest,Southern Rockies,Intermountain,Southwest,,Land Area Representation,-109.0497,35.68028,Tribal Office,Navajo,,-12139357.6874,4256716.9372
Nenana Native Association,,Tribe,,Caroline,,Ketzler,,,First Chief,Alaska,Fairbanks Agency,806 G Street,Nenana,Alaska,99760,(907) 832-5461,(907) 832-1077,ta.nenana.ak@gmail.com,https://www.nenananativeassociation.org/,P.O. Box 369,Nenana,Alaska,99760,2022-12-31 00:00:00,2025-12-31 00:00:00,,Doyon Ltd.,Alaska,,Region 7 - Alaska,Northwest Boreal,Alaska,Alaska,Eastern Interior,Alaska Native Village,-149.078,64.56452,Tribal Office,Nenana,,-16595290.7666,9494588.3606
New Koliganek Village Council,,Tribe,,Gust,,Tunguing,Jr.,,President,Alaska,Alaska Regional Office,,,Alaska,,(907) 596-3434,(907) 596-3462,newkoliganekvillagecouncil@gmail.com,https://bbna.com/our-communities/tribal-councils/tribal-council-list/,P.O. Box 5057,Koliganek,Alaska,99576,2022-01-01 00:00:00,2025-01-31 00:00:00,,Bristol Bay Native Corp.,Alaska,,Region 7 - Alaska,Western Alaska,Alaska,Alaska,Bristol Bay,Alaska Native Village,-157.2842,59.7276,City Center,New Koliganek,,-17508802.3987,8339339.1623
New Stuyahok Village,New Stuyahok Traditional Council,Tribe,,Lucy,,Weedman,,,President,Alaska,Alaska Regional Office,49 Wallace Street,New Stuyahok,Alaska,99636,(907) 693-3173,(907) 693-3179,newstutribe@hotmail.com;,https://bbna.com/our-communities/tribal-councils/tribal-council-list/,P.O. Box 49,New Stuyahok,Alaska,99636,2021-11-05 00:00:00,2024-11-30 00:00:00,President's term ends 9/30/2024. Next election listed at November.,Bristol Bay Native Corp.,Alaska,,Region 7 - Alaska,Western Alaska,Alaska,Alaska,Bristol Bay,Alaska Native Village,-157.3171,59.4509,Tribal Office,New Stuyahok,,-17512456.9715,8278489.604
Newhalen Village,,Tribe,,Henry,,Olympic,,,President,Alaska,Alaska Regional Office,101 Power Lane Drive,Newhalen,Alaska,99606,(907) 571-1410,(907) 571-1537,henryolympic@hotmail.com; joannewassillie@newhalentribal.com,https://bbna.com/our-communities/tribal-councils/tribal-council-list/,P.O. Box 207,Newhalen,Alaska,99606,2024-10-01 00:00:00,2026-10-12 00:00:00,3 year term,Bristol Bay Native Corp.,Alaska,,Region 7 - Alaska,Western Alaska,Alaska,Alaska,Bristol Bay,Alaska Native Village,-154.8958,59.72095,Tribal Office,Newhalen,,-17242921.4818,8337871.18
Newtok Village,Newtok Village Council,Tribe,,Simeon,,Fairbanks,Jr.,,President,Alaska,Alaska Regional Office,100 Armory Road PO Box 5596,Newtok,Alaska,99559,(907) 237-2202,(907) 237-2210,wwt2021nnc@gmail.com,,P.O. Box 5596,Newtok,Alaska,99559,2025-10-01 00:00:00,2026-10-01 00:00:00,Election listed as month/year;  President's Term ends 2028.,Calista Corp.,Alaska,,Region 7 - Alaska,Western Alaska,Alaska,Alaska,Yukon-Kuskokwim Delta,Alaska Native Village,-164.6326,60.93919,Tribal Office,Newtok,,-18326811.9791,8611874.5234
Nez Perce Tribe,Nez Perce Tribe of Idaho,Tribe,,Samuel,N,Penney,,,Chairman,Northwest,Northern Idaho Agency,100 Agency Road,Lapwai,Idaho,83540,(208) 843-2253,(208) 843-7354,samuelp@nezperce.org,https://nezperce.org/,P.O. Box 305,Lapwai,Idaho,83540,2023-05-09 00:00:00,2027-05-13 00:00:00,"Annual, May, First Thursday, Friday, Saturday",,Idaho,Columbia-Pacific Northwest,Region 1 - Pacific,,Pacific West,Northwest,,Land Area Representation,-116.8049,46.3999,Tribal Office,Nez Perce,,-13002657.0142,5844666.4716
Nikolai Village,,Tribe,,Phillip,,Runkle,,,First Chief,Alaska,Fairbanks Agency,9107 Main Street,Nikolai,Alaska,99691,(907) 293-2311,(907) 293-2481,kw.twds@gmail.com,https://www.tananachiefs.org/about/communities/nikolai/,P.O. Box 9107,Nikolai,Alaska,99691,2023-10-06 00:00:00,2025-10-06 00:00:00,Election listed as month/year; 1st Chief's term ends 2022.,Doyon Ltd.,Alaska,,Region 7 - Alaska,Northwest Boreal,Alaska,Alaska,Western Interior,Alaska Native Village,-154.3755,63.01207,Tribal Office,Nikolai,,-17185003.3868,9103212.2288
Ninilchik Village,,Tribe,,Richard,G.,Encelewski,,,President,Alaska,Alaska Regional Office,15910 Sterling Highway,Ninilchik,Alaska,99639,(907) 567-3313,(907) 567-3308,ntc@ninilchiktribe-nsn.gov;,https://www.ninilchiktribe-nsn.gov/,P.O. Box 39070,Ninilchik,Alaska,99639,2023-11-18 00:00:00,2026-11-21 00:00:00,3 year term,Cook Inlet Region Inc.,Alaska,,Region 7 - Alaska,Northwest Boreal,Alaska,Alaska,Southcentral,Alaska Native Village,-151.6747,60.04073,Tribal Office,Ninilchik,,-16884348.4333,8408810.6072
Nisqually Indian Tribe,,Tribe,,James,,Slape,Jr.,,Chairman,Northwest,Puget Sound Agency,4820 She-Nah-Num Drive SE,Olympia,Washington,98513,(360) 456-5221,(360) 486-9553,slape.jamesjr@nisqually-nsn.gov,https://www.nisqually-nsn.gov/,4820 She-Nah-Num Drive SE,Olympia,Washington,98513,2026-09-05 00:00:00,2027-05-01 00:00:00,"Annual, May, First Saturday, No Election Every Third Year",,Oregon/Washington,Columbia-Pacific Northwest,Region 1 - Pacific,,Pacific West,Northwest,,Land Area Representation,-122.6699,47.00332,Tribal Office,Nisqually,,-13655545.7882,5942616.4698
Nome Eskimo Community,,Tribe,,Becka,,Baker,,,President,Alaska,Alaska Regional Office,200 W. 5th Avenue,Nome,Alaska,99762,(907) 443-2246,(907) 443-9144,information@necalaska.org,https://www.necalaska.org/,P.O. Box 1090,Nome,Alaska,99762,2025-01-13 00:00:00,2026-11-01 00:00:00,Election listed as Month/Year. President's term ends 2027.,Bering Straits Native Corp.,Alaska,,Region 7 - Alaska,Western Alaska,Alaska,Alaska,Seward Peninsula,Alaska Native Village,-165.4032,64.50137,Tribal Office,Nome,,-18412604.8976,9478238.0315
Nondalton Tribe (previously listed as Nondalton Village),Nondalton Tribal Council,Tribe,,George,,Alexie,,,Vice-President,Alaska,Alaska Regional Office,49 Main Street,Nondalton,Alaska,99640,(907) 294-2257,(907) 294-2271,nondaltontribe@yahoo.com,https://lakeandpen.com/nondalton,P.O. Box 49,Nondalton,Alaska,99640,2021-11-01 00:00:00,2024-11-01 00:00:00,3 year term,Bristol Bay Native Corp.,Alaska,,Region 7 - Alaska,Western Alaska,Alaska,Alaska,Bristol Bay,Alaska Native Village,-154.8474,59.97282,Tribal Office,Nondalton,,-17237527.8967,8393690.297
Nooksack Indian Tribe,,Tribe,,Roswell,,Cline,Sr.,,Chairman,Northwest,Puget Sound Agency,5016 Deming Road,Deming,Washington,98244,(360) 592-5176,(360) 592-2125,chair@nooksack-nsn.gov,https://nooksacktribe.org/,P.O. Box 157,Deming,Washington,98244,2022-03-01 00:00:00,2028-03-04 00:00:00,"Even Numbered Year, March, Third or Fourth Week (Election Dates Vary)",,Oregon/Washington,Columbia-Pacific Northwest,Region 1 - Pacific,,Pacific West,Northwest,,Land Area Representation,-122.2159,48.82381,Tribal Office,Nooksack,,-13605007.9811,6245018.4421
Noorvik Native Community,,Tribe,,Elmer,,Armstrong,,,President,Alaska,Alaska Regional Office,203 Northwind Drive,Noorvik,Alaska,99763,(907) 636-2144,(907) 636-2284,tribemanager@nuurvik.org,https://www.nwabor.org/village/noorvik/,P.O. Box 209,Noorvik,Alaska,99763,,2026-10-01 00:00:00,,NANA Regional Corp.,Alaska,,Region 7 - Alaska,Northwest Boreal,Alaska,Alaska,Northwest Arctic,Alaska Native Village,-161.0404,66.83649,Tribal Office,Noorvik,,-17926934.212,10109629.5768
"Northern Arapaho Tribe of the Wind River Reservation, Wyoming",Northern Arapaho,Tribe,,Keenan,,Groesbeck,,,Chairman,Rocky Mountain,Wind River Agency,533 Ethete Road,Ethete,Wyoming,82520,(307) 332-6120,(307) 332-7543,,https://www.northernarapaho.com/,P.O. Box 396,Fort Washakie,Wyoming,82514,2024-11-21 00:00:00,2026-11-19 00:00:00,"2 year terms, full council",,Wyoming,Missouri Basin,Region 6 - Mountain-Prairie,,Intermountain,Northwest,,Land Area Representation,-108.7712,43.02534,Tribal Office,Northern Arapaho,,-12108359.9292,5315829.2257
"Northern Cheyenne Tribe of the Northern Cheyenne Indian Reservation, Montana",,Tribe,,Gene,,Small,,,President,Rocky Mountain,Northern Cheyenne Agency,600 Cheyenne Avenue South,Lame Deer,Montana,59043,(406) 477-6284,(406) 477-6210,,https://www.cheyennenation.com/,P.O. Box 128,Lame Deer,Montana,59043,2024-11-05 00:00:00,2029-11-06 00:00:00,4 year terms,,Montana/Dakotas,Missouri Basin,Region 6 - Mountain-Prairie,,Intermountain,Northwest,,Land Area Representation,-106.6631,45.61711,Tribal Office,Northern Cheyenne,,-11873685.5073,5719201.8988
Northfork Rancheria of Mono Indians of California,North Fork Rancheria,Tribe,,Fred,,Beihn,,,Chairman,Pacific,Central California Agency,33143 Road 222,North Fork,California,93643,(559) 877-2461,(559) 877-2467,nfrancheria@northforkrancheria-nsn.gov,https://northforkrancheria-nsn.gov/,P.O. Box 929,North Fork,California,93643,2021,2024,,,California,California-Great Basin,Region 8 - Pacific Southwest,California,Pacific West,Pacific,,Land Area Representation,-119.5088,37.22979,Tribal Office,North Fork,,-13303653.2955,4471184.5635
Northway Village,Northway Village Council,Tribe,,William,Chaaiy,Albert,,,President,Alaska,Fairbanks Agency,183 Circle Drive,Northway,Alaska,99764,(907) 778-2311,(907) 778-2220,nicholr@aptalaska.net,https://northwayvillagecouncil.org/,P.O. Box 516,Northway,Alaska,99764,2025-04-01 00:00:00,2027-04-01 00:00:00,Election listed as month/year. Chief serves a two-year term.,Doyon Ltd.,Alaska,,Region 7 - Alaska,Northwest Boreal,Alaska,Alaska,Eastern Interior,Alaska Native Village,-141.9513,62.9813,Tribal Office,Northway,,-15801951.5319,9095666.6199
Northwestern Band of the Shoshone Nation,,Tribe,,Jason,,Walker,,,Chairman,Northwest,Fort Hall Agency,2575 Commerce Way,Ogden,Utah,84401,(435) 734-2286,(435) 734-0424,jwalker@nwbshoshone.com,https://nwbshoshone.com/,2575 Commerce Way,Ogden,Utah,84401,2025-06-05 00:00:00,2027-06-05 00:00:00,"Every Two Odd Numbered Years, June, First/Second week (Election Dates Vary)",,Utah,Upper Colorado,Region 6 - Mountain-Prairie,,Intermountain,Southwest,,Land Area Representation,-112.017,41.21921,Tribal Office,Northwestern Shoshone,,-12469679.4522,5044728.7239
"Nottawaseppi Huron Band of the Potawatomi, Michigan","Huron Potawatomi, Inc.",Tribe,,Homer,A.,Mandoka,,,Chairperson,Midwest,Michigan Agency,1485 Mno-Bmadzewen Way,Fulton,Michigan,49052,(269) 729-5151,(269) 729-5920,homera.mandoka@nhbp-nsn.gov,https://nhbp-nsn.gov/,1485 Mno-Bmadzewen Way,Fulton,Michigan,49052,2024-04-27 00:00:00,2028-04-26 00:00:00,"April, each year",,Eastern States,,Region 3 - Midwest,,Midwest,Midwest,,Land Area Representation,-85.26076,42.10614,Tribal Office,Nottawaseppi Potawatomi,,-9491184.104,5176891.4329
Nulato Village,Nulato Tribal Council,Tribe,,Gloria,,Patsy,,,1st Chief,Alaska,Fairbanks Agency,100 Kateel Avenue,Nulato,Alaska,99765,(907) 898-2339,(907) 898-2207,nulatotribe@hotmail.com,http://www.nulatotribe.net/,P.O. Box 65049,Nulato,Alaska,99765,2023-01-01 00:00:00,2026-01-31 00:00:00,Three year term expires 2023.,Doyon Ltd.,Alaska,,Region 7 - Alaska,Northwest Boreal,Alaska,Alaska,Western Interior,Alaska Native Village,-158.1159,64.73359,Tribal Office,Nulato,,-17601384.4466,9538545.5427
Nunakauyarmiut Tribe,,Tribe,,Charles,J.,Moses,,,President,Alaska,Alaska Regional Office,101 Sunny Street,Toksook Bay,Alaska,99637,(907) 427-7114/7615,(907) 427-7714,robert@ntcak.com; nunakauyak@ntcak.com,,P.O. Box 37048,Toksook Bay,Alaska,99637,2022-10-25 00:00:00,2025-09-30 00:00:00,President's term ends 2024,Calista Corp.,Alaska,,Region 7 - Alaska,Western Alaska,Alaska,Alaska,Yukon-Kuskokwim Delta,Alaska Native Village,-165.1092,60.53303,Tribal Office,Nunakauyarmiut,,-18379867.2158,8519379.4418
Oglala Sioux Tribe,,Tribe,,Frank,,Star Comes Out,,,President,Great Plains,Pine Ridge Agency,107 West Main Street,Pine Ridge,South Dakota,57770,(605) 867-5821,(605) 867-6076,fstarcomesout@oglala.org,https://oglalalakotanation.net/,P.O. Box 2070 (107 West Main Street),Pine Ridge,South Dakota,57770,11/2022,11/2024,,,Montana/Dakotas,Missouri Basin,Region 6 - Mountain-Prairie,,Midwest,Midwest,,Land Area Representation,-102.5581,43.02581,Tribal Office,Oglala Sioux,,-11416716.927,5315901.2542
"Ohkay Owingeh, New Mexico",,Tribe,,Benny,,Lujan,,,Governor,Southwest,Northern Pueblos Agency,220 Po'pay Avenue,Ohkay Owingeh,New Mexico,87566,(505) 852-4400,(505) 852-4820,governor@ohkay.org,https://ohkay.org/,P.O. Box 1099,Ohkay Owingeh,New Mexico,87566,,,,,New Mexico,Upper Colorado,Region 2 - Southwest,,Intermountain,Southwest,,Land Area Representation,-106.0708,36.05344,Tribal Office,Ohkay Owingeh,,-11807748.3791,4307976.6151
Omaha Tribe of Nebraska,,Tribe,,Jeffery,,Gilpin,,,Chairman,Great Plains,Winnebago Agency,497 Main Street,Macy,Nebraska,68039,(402) 837-5391,(402) 837-5308,jeff.gilpin@theomahatribe.com,https://www.omahatribe.com/,P.O. Box 368,Macy,Nebraska,68039,2023-03-15 00:00:00,2023-11-02 00:00:00,,,Wyoming,Missouri Basin,Region 6 - Mountain-Prairie,Eastern Tallgrass Prairie and Big Rivers,Midwest,Midwest,,Land Area Representation,-96.35686,42.11366,Tribal Office,Omaha,,-10726396.3099,5178020.8819
Oneida Indian Nation,Oneida  Nation of New York,Tribe,,Ray,,Halbritter,,,Nation Representative,Eastern,Eastern Regional Office,2037 Dream Catcher Plaza,Oneida,New York,13421,(315) 829-8900,(315) 361-7619,info@oneida-nation.org,https://www.oneidaindiannation.com/,5218 Patrick Road,Verona,New York,13421,,,No election - Appointed Lifetime/ Name change August 2017,,Eastern States,,Region 5 - Northeast,,Northeast,Northeast,,Land Area Representation,-75.64735,43.0768,Tribal Office,Oneida,,-8421023.8673,5323668.814
Oneida Nation,,Tribe,,Tehassi,,Hill,,,Chairman,Midwest,Great Lakes Agency,N7210 Seminary Rd.,Oneida,Wisconsin,54155,(800) 236-2214,(920) 869-4040,thill7@oneidanation.org,https://oneida-nsn.gov/,P.O. Box 365,Oneida,Wisconsin,54155,2023-07-26 00:00:00,2026-07-25 00:00:00,"July, every three years",,Eastern States,,Region 3 - Midwest,,Midwest,Midwest,,Land Area Representation,-88.19433,44.49846,Tribal Office,Oneida Nation (Wisconsin),,-9817747.7183,5542906.0813
Onondaga Nation,,Tribe,,Spencer,,Lyons; Alson Gibson; Shannon Booth,,,Chiefs (3),Eastern,Eastern Regional Office,4040 Route 11,Nedrow,New York,13120,(315)469-0302,(315) 469-4717,admin@onondaganation.org,https://www.onondaganation.org/,4040 Route 11,Nedrow,New York,13120,2017-12-01 00:00:00,,"No elections - Appointed Lifetime (new  3 Chief Appointed April 15, 2025, due to change in leadership direction.  Must have all 3 Chief's Signatures.",,Eastern States,,Region 5 - Northeast,,Northeast,Northeast,,Land Area Representation,-76.13974,42.9672,Tribal Office,Onondaga,,-8475837.0848,5306980.2918
Organized Village of Grayling (aka Holikachuk),Holikachuk,Tribe,,Ivan,,Demientiff,,,First Chief,Alaska,Fairbanks Agency,49 Main Street,Grayling,Alaska,99590,(907) 453-5116,,nicholi_sa6919@yahoo.com,https://www.tananachiefs.org/about/communities/grayling/,P.O. Box 49,Grayling,Alaska,99590,2023-11-01 00:00:00,2024-11-30 00:00:00,,Doyon Ltd.,Alaska,,Region 7 - Alaska,Northwest Boreal,Alaska,Alaska,Western Interior,Alaska Native Village,-160.0646,62.90493,Tribal Office,Grayling,,-17818310.4006,9076977.4205
Organized Village of Kake,,Tribe,,Joel,M.,Jackson,,,President,Alaska,Alaska Regional Office,541 Keku Road,Kake,Alaska,99830,(907) 785-6471,(907) 785-4902,hr@kake-nsn.gov; president@kake-nsn.gov,https://www.kake-nsn.gov/,P.O. Box 316,Kake,Alaska,99830,2022-04-21 00:00:00,2025-04-01 00:00:00,President has a 2-year term,Sealaska Corp.,Alaska,,Region 7 - Alaska,North Pacific,Alaska,Alaska,Southeast,Alaska Native Village,-133.9259,56.96529,Tribal Office,Kake,,-14908562.2351,7753027.7181
Organized Village of Kasaan,,Tribe,,Michael,,Jones,,,President,Alaska,Alaska Regional Office,102 Copper Crescent Drive,Kasaan,Alaska,99950,(907) 542-2230,(907) 542-3006,administrator@kasaan.org; president@kasaan.org,https://www.kasaan.org/,P.O. Box 26 - KXA,Kasaan,Alaska,99950,2022-04-01 00:00:00,2026-04-23 00:00:00,Four Year Term,Sealaska Corp.,Alaska,,Region 7 - Alaska,North Pacific,Alaska,Alaska,Southeast,Alaska Native Village,-132.4064,55.53828,Tribal Office,Kasaan,,-14739407.7938,7467044.2774
Organized Village of Kwethluk,Kwethluk IRA,Tribe,,Mary,K.,Nicolai,,,President,Alaska,Alaska Regional Office,101 Church Way,Kwethluk,Alaska,99621,(907) 757-6714,(907) 757-6328,kwethlukira@gmail.com,,P.O. Box 130,Kwethluk,Alaska,99621,2025-12-01 00:00:00,,Election listed as month/year.,Calista Corp.,Alaska,,Region 7 - Alaska,Western Alaska,Alaska,Alaska,Yukon-Kuskokwim Delta,Alaska Native Village,-161.4242,60.80978,Tribal Office,Kwethluk,,-17969657.4191,8582275.2206
Organized Village of Saxman,Saxman IRA,Tribe,,Joseph,,Williams,Jr.,,President,Alaska,Alaska Regional Office,2706 S Tongass Hwy,Ketchikan,Alaska,99901,(907) 247-2502,(907) 247-2504,Amy.DeTienne@saxmantribe.org; mariya.williams@saxmantribe.org,https://www.saxmantribe.org/,"Route 2, Box 2 (Saxman)",Ketchikan,Alaska,99901,2025-04-24 00:00:00,2026-04-23 00:00:00,,Sealaska Corp.,Alaska,,Region 7 - Alaska,North Pacific,Alaska,Alaska,Southeast,Alaska Native Village,-131.5977,55.31881,Tribal Office,Saxman,,-14649394.2746,7423988.7623
Orutsararmiut Traditional Native Council,Orutsararmuit Native Village (aka Bethel),Tribe,,Gage,W,Hoffman,,,Chairman,Alaska,Alaska Regional Office,117 Alex Hately Drive,Bethel,Alaska,99559,(907) 543-2608,(907) 543-2639,wjim@nativecouncil.org,https://nativecouncil.org/,P.O. Box 927,Bethel,Alaska,99559,2023-05-20 00:00:00,2027-05-20 00:00:00,Chairman's term expires 2027.,Calista Corp.,Alaska,,Region 7 - Alaska,Western Alaska,Alaska,Alaska,Yukon-Kuskokwim Delta,Alaska Native Village,-161.8115,60.78779,Tribal Office,Orutsararmiut,,-18012774.5749,8577259.1096
Oscarville Traditional Village,,Tribe,,Nicolai,M.,Steven,,,President,Alaska,Alaska Regional Office,,,Alaska,,(907) 737-7099,(907) 737-7428,oscarvilletc@gmail.com,,P.O. Box 6129,Napaskiak,Alaska,99559,2012-11-05 00:00:00,2026-11-01 00:00:00,re-elected; election listed as Month/Year.,Calista Corp.,Alaska,,Region 7 - Alaska,Western Alaska,Alaska,Alaska,Yukon-Kuskokwim Delta,Alaska Native Village,-161.7648,60.70742,Tribal Office,Oscarville,,-18007570.1772,8558950.7021
"Otoe-Missouria Tribe of Indians, Oklahoma",,Tribe,,John,R.,Shotton,,,Chairman,Southern Plains,Pawnee Agency,8151 Highway 177,Red Rock,Oklahoma,74651,(580) 723-4466,(580) 723-4273,jshotton@omtribe.org,https://www.omtribe.org/,8151 Highway 177,Red Rock,Oklahoma,74651,2025-11-01 00:00:00,2028-11-04 00:00:00,,,New Mexico,Missouri Basin,Region 2 - Southwest,,Intermountain,Southwest,,Tribal Statistical Area,-97.07489,36.49149,Tribal Office,Otoe-Missouria,,-10806327.3392,4368461.4866
Ottawa Tribe of Oklahoma,Ottawa,Tribe,,Cody,,Hollenbeck,,,Chief,Eastern Oklahoma,Miami Agency,13 S. Hwy 69A,Miami,Oklahoma,74354,(918) 540-1536,(918) 542-3214,codyhollenbeck.oto@gmail.com,https://www.ottawatribe.gov/,P.O. Box 110,Miami,Oklahoma,74355,2026-05-27 00:00:00,2026-05-02 00:00:00,,,New Mexico,Missouri Basin,Region 2 - Southwest,Eastern Tallgrass Prairie and Big Rivers,Intermountain,Southwest,,Tribal Statistical Area,-94.84859,36.87517,Tribal Office,Ottawa Tribe of Oklahoma,,-10558496.7245,4421721.6363
Paiute Indian Tribe of Utah (Cedar Band of Paiutes),,"Affiliate (band, community, village, island, etc...)",,Betty,,Cuch,,,Chairperson,Western,Southern Paiute Agency,,,,,(435) 586-1112,,,https://pitu.gov/,P.O. Box 235,Cedar City,Utah,84720,,,,,Utah,Upper Colorado,Region 6 - Mountain-Prairie,Southern Rockies,Intermountain,Southwest,,Land Area Representation,-113.0576,37.68516,Tribal Office,Cedar,,-12585518.0691,4535044.1449
"Paiute Indian Tribe of Utah (Cedar Band of Paiutes, Kanosh Band of Paiutes, Koosharem Band of Paiutes, Indian Peaks Band of Paiutes, and Shivwits Band of Paiutes)",,Tribe,,Laurel,,Yellowhorse,,,Chairwoman,Western,Southern Paiute Agency,440 N. Paiute Drive,Cedar City,Utah,84720,(435) 586-1112,(435) 867-2659,lyellowhorse@utahpaiutes.org,https://pitu.gov/,440 N. Paiute Drive,Cedar City,Utah,84720,2025-04-23 00:00:00,,,,Utah,Upper Colorado,Region 6 - Mountain-Prairie,Southern Rockies,Intermountain,Southwest,,Land Area Representation,-113.0576,37.68516,Tribal Office,Paiute Indian Tribe of Utah,,-12585518.0691,4535044.1449
Paiute Indian Tribe of Utah (Indian Peaks Band of Paiutes),,"Affiliate (band, community, village, island, etc...)",,Tami,,Slayton,,,Chairperson,Western,Southern Paiute Agency,,,,,(435) 586-1112,,,https://pitu.gov/,,,,,,,,,Utah,Upper Colorado,Region 6 - Mountain-Prairie,Southern Rockies,Intermountain,Southwest,,Land Area Representation,-113.0576,37.68516,Tribal Office,Indian Peaks,,-12585518.0691,4535044.1449
Paiute Indian Tribe of Utah (Kanosh Band of Paiutes),,"Affiliate (band, community, village, island, etc...)",,Gari,,Lafferty,,,Chairperson,Western,Southern Paiute Agency,,,,,(435) 586-1112,,,https://pitu.gov/,,,,,,,,,Utah,Upper Colorado,Region 6 - Mountain-Prairie,Southern Rockies,Intermountain,Southwest,,Land Area Representation,-113.0576,37.68516,Tribal Office,Kanosh,,-12585518.0691,4535044.1449
Paiute Indian Tribe of Utah (Koosharem Band of Paiutes),,"Affiliate (band, community, village, island, etc...)",,Heather,,John,,,Chairperson,Western,Southern Paiute Agency,,,,,(435) 893-8432,,,https://pitu.gov/,,,,,,,,,Utah,Upper Colorado,Region 6 - Mountain-Prairie,Southern Rockies,Intermountain,Southwest,,Land Area Representation,-113.0576,37.68516,Tribal Office,Koosharen,,-12585518.0691,4535044.1449
Paiute Indian Tribe of Utah (Shivwits Band of Paiutes),,"Affiliate (band, community, village, island, etc...)",,,,,,,,Western,Southern Paiute Agency,,,,,,,,https://pitu.gov/,,,,,,,Band leadership is unclear.,,Utah,Upper Colorado,Region 6 - Mountain-Prairie,Southern Rockies,Intermountain,Southwest,,Land Area Representation,-113.0576,37.68516,Tribal Office,Shivwits,,-12585518.0691,4535044.1449
"Paiute-Shoshone Tribe of the Fallon Reservation and Colony, Nevada",,Tribe,,Catherine,,Williams-Tuni,,,Chairwoman,Western,Western Nevada Agency,565 Rio Vista Road,Fallon,Nevada,89406,(775) 423-6075,(775) 423-5202,Chairman@fpst.org,https://www.fpst.org/,565 Rio Vista Road,Fallon,Nevada,89406,,,,,Nevada,California-Great Basin,Region 8 - Pacific Southwest,,Pacific West,Pacific,,Land Area Representation,-118.757,39.48203,Tribal Office,Paiute-Shoshone,,-13219964.9387,4790955.7281
Pala Band of Mission Indians,,Tribe,,Robert,,Smith,,,Chairman,Pacific,Southern California Agency,12196 Pala Mission Road,Pala,California,92059,(760) 591-0926,(760) 742-1293,rsmith@palatribe.com,https://www.palatribe.com/,35008 Pala-Temecula Road PMB - 50,Pala,California,92059,,,Election details contact Tribe or Southern California Agency.,,California,Lower Colorado,Region 8 - Pacific Southwest,California,Pacific West,Pacific,,Land Area Representation,-117.0689,33.36651,Tribal Office,Pala,,-13032054.5013,3944053.3178
Pamunkey Indian Tribe,,Tribe,,Kevin,,Brown,,,Chief,Eastern,Eastern Regional Office,1054 Pocahontas Trail,King William,Virginia,23086,804-339-1629,,pamunkeytribe@pamunkey.org,https://www.pamunkey.org/,1054 Pocahontas Trail,King William,Virginia,23086,2024-11-01 00:00:00,2028-11-01 00:00:00,Newly recognized Tribe effective 1/28/2016,,Eastern States,,Region 5 - Northeast,,Northeast,Northeast,,Federally Recognized Tribal Entity,-77.00393,37.57946,Tribal Office,Pamunkey,,-8572038.1809,4520186.7945
Pascua Yaqui Tribe of Arizona,,Tribe,,Julian,,Hernandez,,,Chairman,Western,Salt River Agency,7474 S. Camino de Oeste,Tucson,Arizona,85757,(520) 883-5010,(520) 883-5014,jhernandez1@pascuayaqui-nsn.gov,https://www.pascuayaqui-nsn.gov/,7474 S. Camino de Oeste,Tucson,Arizona,85757,2024-06-03 00:00:00,2028-06-03 00:00:00,,,Arizona,Lower Colorado,Region 2 - Southwest,,Intermountain,Southwest,,Land Area Representation,-111.0639,32.11649,Tribal Office,Pascua Yaqui,,-12363571.2721,3778611.4043
Paskenta Band of Nomlaki Indians of California,,Tribe,,Brandin,,Paya,,,Chairman,Pacific,Central California Agency,22580 Olivewood Rd,Corning,California,96021,(530) 670-1750,(530) 528-3553,office@paskenta.org,https://paskenta-nsn.gov/,22580 Olivewood Avenue,Corning,California,96021,2024-09-01 00:00:00,2026-09-01 00:00:00,Election details contact the Tribe or the Central California Agency.,,California,California-Great Basin,Region 8 - Pacific Southwest,California,Pacific West,Pacific,,Land Area Representation,-122.1961,39.88002,Tribal Office,Paskenta,,-13602803.1984,4848522.4203
Passamaquoddy Tribe,,Tribe,,,,,,,,Eastern,Eastern Regional Office,Please refer to affiliates for contact information,,Maine,,,,,,,,Maine,04668,,,,,,,,,,,,Land Area Representation,-67.57729,45.22736,Tribal Office,Passamaquoddy,,-7522669.0411,5657385.9283
Passamaquoddy Tribe - Indian Township,,"Affiliate (band, community, village, island, etc...)",,William,,"Nicholas, Sr.",,,Chief,Eastern,Eastern Regional Office,Tribal Office 8 Kennebsis,Princeton,Maine,04668,(207) 796-2301,(207) 796-2420,chief.wnicholas@gmail.com,https://www.passamaquoddy.com/,P.O. Box 301,Princeton,Maine,04668,2022-10-01 00:00:00,2026-09-30 00:00:00,,,Eastern States,,Region 5 - Northeast,North Atlantic,Northeast,Northeast,,Land Area Representation,-67.57726,45.22738,Tribal Office,Passamaquoddy Indian Township,,-7522665.6436,5657388.3403
Passamaquoddy Tribe - Pleasant Point,,"Affiliate (band, community, village, island, etc...)",,"Amkuwiposohehs """"Pos""""",,Bassett,,,Chief,Eastern,Eastern Regional Office,22 Bayview Dr,Perry,Maine,04667,(207) 853-2600,(207) 853-6039,posbassett@wabanaki.com; census@wabanaki.com,https://wabanaki.com/,P.O. Box 343,Perry,Maine,04667,2022-10-11 00:00:00,2026-09-30 00:00:00,Recall of Chief elected in October 2022 and New Chief took oath in November 2023.,,Eastern States,,Region 5 - Northeast,,Northeast,Northeast,,Land Area Representation,-67.0409,44.95569,Tribal Office,Passamaquoddy Pleasant Point,,-7462959.1749,5614548.6449
Pauloff Harbor Village,,Tribe,,George,P.,Gunderson,,,President,Alaska,Alaska Regional Office,1 Main Street Room 7 & 8,Sand Point,Alaska,99661,(907) 383-6075,(907) 383-6094,pauloffadmn@outlook.com,,P.O. Box 97,Sand Point,Alaska,99661,2024-05-16 00:00:00,2027-05-20 00:00:00,3 year term,The Aleut Corp.,Alaska,,Region 7 - Alaska,Western Alaska,Alaska,Alaska,Kodiak/Aleutians,Alaska Native Village,-160.498,55.33977,Tribal Office,Pauloff Harbor,,-17866550.6574,7428089.2575
"Pauma Band of Luiseno Mission Indians of the Pauma & Yuima Reservation, California",Pauma & Yuima Reservation,Tribe,,Temet,,Majel,,,Chairman,Pacific,Southern California Agency,1010 Pauma Reservation Road,Pauma Valley,California,92061,(760) 742-1289,(760) 742-3422,"wdebell@pauma-nsn.gov , tmajel@pauma-nsn.gov",https://www.paumatribe.com/,P.O. Box 369,Pauma Valley,California,92061,2021-01-06 00:00:00,2023-01-06 00:00:00,Election details contact Tribe or Southern California Agency.,,California,Lower Colorado,Region 8 - Pacific Southwest,California,Pacific West,Pacific,,Land Area Representation,-116.9857,33.33305,Tribal Office,Pauma,,-13022792.2276,3939595.1574
Pawnee Nation of Oklahoma,,Tribe,,Misty,M,Nuttle,,,President,Southern Plains,Pawnee Agency,881 Little Dee Drive,Pawnee,Oklahoma,74058,(918) 762-3621,(918) 762-6446,mnuttle@pawneenation.org,https://pawneenation.org/,P.O. Box 470,Pawnee,Oklahoma,74058,2023-05-06 00:00:00,2027-05-01 00:00:00,,,New Mexico,Missouri Basin,Region 2 - Southwest,,Intermountain,Southwest,,Tribal Statistical Area,-96.79096,36.33482,Tribal Office,Pawnee Nation of Oklahoma,,-10774720.6277,4346790.9292
"Pechanga Band of Indians (previously listed as Pechanga Band of Luiseno Mission Indians of the Pechanga Reservation, California)",Pechanga Reservation,Tribe,,Mark,,Macarro,,,Chairman,Pacific,Southern California Agency,12705 Pechanga Road,Temecula,California,92392,(951) 676-2768,(951) 695-1778,tribalchairman@pechanga-nsn.gov,https://www.pechanga-nsn.gov/,P.O.Box 1477,Temecula,California,92593,2026-07-18 00:00:00,2028-08-20 00:00:00,Election details contact Tribe or Southern California Agency.,,California,Lower Colorado,Region 8 - Pacific Southwest,California,Pacific West,Pacific,,Land Area Representation,-117.0888,33.44795,Tribal Office,Pechanga,,-13034269.679,3954914.1988
Pedro Bay Village,,Tribe,,Keith,,Jensen,,,President,Alaska,Alaska Regional Office,2516 Mountain Circle,Pedro Bay,Alaska,99647,(907) 850-2225,(907) 850-2221,frontdesk@pedrobay.com; j.baalke@pedrobay.com,https://www.pedrobaycorp.com/,P.O. Box 47020,Pedro Bay,Alaska,99647,2022-05-07 00:00:00,2025-05-07 00:00:00,,Bristol Bay Native Corp.,Alaska,,Region 7 - Alaska,Western Alaska,Alaska,Alaska,Bristol Bay,Alaska Native Village,-154.1015,59.78883,Tribal Office,Pedro Bay,,-17154495.0558,8352872.9317
Penobscot Nation,,Tribe,,Kirk,,Francis,,,Chief,Eastern,Eastern Regional Office,12 Wabanaki Way,Indian Island,Maine,04468,(207) 817-7349,(207) 827-6042,kirk.francis@penobscotnation.org,https://www.penobscotnation.org/,12 Wabanaki Way,Indian Island,Maine,04468,2018-09-01 00:00:00,2022-09-01 00:00:00,,,Eastern States,,Region 5 - Northeast,North Atlantic,Northeast,Northeast,,Land Area Representation,-68.64787,44.95236,Tribal Office,Penobscot,,-7641846.2575,5614024.9827
Peoria Tribe of Indians of Oklahoma,Peoria Tribe,Tribe,,Rosanna,,Dobbs,,,Chief,Eastern Oklahoma,Miami Agency,118 South Eight Tribes Trail,Miami,Oklahoma,74354,(918) 540-2535,(918) 540-2538,rdobbs@peoriatribe.com,https://peoriatribe.com/,P.O. Box 1527,Miami,Oklahoma,74355,2026-03-07 00:00:00,2030-03-09 00:00:00,,,New Mexico,Missouri Basin,Region 2 - Southwest,Eastern Tallgrass Prairie and Big Rivers,Intermountain,Southwest,,Tribal Statistical Area,-94.8483,36.87292,Tribal Office,Peoria Tribe of Indians of Oklahoma,,-10558464.138,4421407.8533
Petersburg Indian Association,,Tribe,,Carol,,Martinez,,,President,Alaska,Alaska Regional Office,15 N. 12th Street,Petersburg,Alaska,99833,(907) 772-3636,(907) 772-3637,president@piatribal.org; tribaladmin@piatribal.org,https://piatribal.org/,P.O. Box 1410,Petersburg,Alaska,99833,2025-01-01 00:00:00,2026-01-01 00:00:00,1 year term. Election listed as month/year.,Sealaska Corp.,Alaska,,Region 7 - Alaska,North Pacific,Alaska,Alaska,Southeast,Alaska Native Village,-132.9427,56.81112,Tribal Office,Petersburg,,-14799110.6297,7721611.4145
Picayune Rancheria of Chukchansi Indians of California,Picayune Rancheria,Tribe,,Tracey,,Hopkins,,,Chairperson,Pacific,Central California Agency,49260 Chapel Hill Dr,Oakhurst,California,93644,(559) 412-5590,(559) 440-6494,info@chukchansi-nsn.gov,https://chukchansi-nsn.gov/,46575 Road 417,Coarsegold,California,93614,2023-10-14 00:00:00,2025-10-14 00:00:00,Election details contact the Tribe or the Central California Agency.,,California,California-Great Basin,Region 8 - Pacific Southwest,California,Pacific West,Pacific,,Land Area Representation,-119.6497,37.3283,Tribal Office,Picayune,,-13319346.6721,4484966.4359
Pilot Station Traditional Village,,Tribe,,Cynthia,,Fancyboy,,,President,Alaska,Alaska Regional Office,119 Airport Road,Pilot Station,Alaska,99650,(907) 549-3373,(907) 549-3301,mpkelly_963@hotmail.com;,,P.O. Box 5119,Pilot Station,Alaska,99650,2025-10-01 00:00:00,2026-10-01 00:00:00,,Calista Corp.,Alaska,,Region 7 - Alaska,Western Alaska,Alaska,Alaska,Yukon-Kuskokwim Delta,Alaska Native Village,-162.8922,61.93621,Tribal Office,Pilot Station,,-18133071.2924,8844032.1922
"Pinoleville Pomo Nation, California",Pinoleville Rancheria,Tribe,,Leona,,Williams,,,Chairwoman,Pacific,Central California Agency,500 B Pinoleville Drive,Ukiah,California,95482,(707) 463-1454,(707) 463-6601,leonaw@pinoleville-nsn.gov,https://pinoleville-nsn.gov/,500 B Pinoleville Drive,Ukiah,California,95482,,,,,California,California-Great Basin,Region 8 - Pacific Southwest,California,Pacific West,Pacific,,Land Area Representation,-123.2201,39.1801,Tribal Office,Pinoleville,,-13716803.2202,4747502.5614
"Pit River Tribe, California (includes XL Ranch, Big Bend, Likely, Lookout, Montgomery Creek, and Roaring Creek Rancherias)",,Tribe,,Yatch,,Bamford,,,Chairman,Pacific,Northern California Agency,36970 Park Avenue,Burney,California,96013,(530) 335-5421,(530) 335-3140,"chairman@pitrivertribe.gov, ta@pitrivertribe.gov",https://pitrivertribe.gov/,36970 Park Avenue,Burney,California,96013,2023-09-18 00:00:00,,,,California,California-Great Basin,Region 8 - Pacific Southwest,California,Pacific West,Pacific,,Land Area Representation,-121.6725,40.87685,Tribal Office,Pit River,,-13544525.0627,4994194.5815
Pitka's Point Traditional Council,,Tribe,,William,,Riley,Jr.,,President,Alaska,Alaska Regional Office,36 River Front Road,St. Mary's,Alaska,99658,(907) 438-2833,(907) 438-2569,pptc_village@yahoo.com,,P.O. Box 127,St. Mary's,Alaska,99658,2021-07-01 00:00:00,2027-06-01 00:00:00,Election listed as month/year; three year term. President's term ends 2029.,Calista Corp.,Alaska,,Region 7 - Alaska,Western Alaska,Alaska,Alaska,Yukon-Kuskokwim Delta,Alaska Native Village,-163.2871,62.03489,Tribal Office,Pitka's Point,,-18177036.1572,8867420.9787
Platinum Traditional Village,,Tribe,,Anna,M,Fox,,,President,Alaska,Alaska Regional Office,Mile 1 Smalls Creek Rd,Platinum,Alaska,99651,(907) 979-8220,(907) 979-8178,rsmith99651@gmail.com,,P.O. Box 8,Platinum,Alaska,99651,2023-10-01 00:00:00,2024-10-31 00:00:00,,Calista Corp.,Alaska,,Region 7 - Alaska,Western Alaska,Alaska,Alaska,Yukon-Kuskokwim Delta,Alaska Native Village,-161.813,59.00597,Tribal Office,Platinum,,-18012944.5597,8181676.5203
Poarch Band of Creek Indians,,Tribe,,Stephanie,,Bryan,,,Chairwoman,Eastern,Eastern Regional Office,5811 Jack Springs Road,Atmore,Alabama,36502,(251) 368-9136,(251) 368-1026,sbryan@pci-nsn.gov,https://pci-nsn.gov/,5811 Jack Springs Road,Atmore,Alabama,36502,2017-06-01 00:00:00,2020-06-01 00:00:00,,,Eastern States,,Region 4 - Southeast,,Southeast,Southeast,,Land Area Representation,-87.55297,31.09632,Tribal Office,Poarch,,-9746352.489,3645264.9439
"Pokagon Band of Potawatomi Indians, Michigan and Indiana",,Tribe,,Matthew,J.,Wesaw,,,Chairperson,Midwest,Michigan Agency,58620 Sink Road,Dowagiac,Michigan,49047,(269) 782-6323,(269) 782-9625,matthew.wesaw@pokagonband-nsn.gov,https://www.pokagonband-nsn.gov/,P.O. Box 180,Dowagiac,Michigan,49047,2024-07-13 00:00:00,2027-07-10 00:00:00,"2nd Saturday in July, each year",,Eastern States,,Region 3 - Midwest,Eastern Tallgrass Prairie and Big Rivers,Midwest,Midwest,,Land Area Representation,-86.19564,41.94645,Tribal Office,Pokagon,,-9595254.8157,5152960.6079
Ponca Tribe of Indians of Oklahoma,Ponca Tribe of Oklahoma,Tribe,,Trey,,Howe,,,Chairman,Southern Plains,Southern Plains Regional Office,101 White Eagle Drive,Ponca City,Oklahoma,74601,(580) 762-8104,(580) 762-2743,trey.howe@ponca-nsn.gov,https://www.ponca-nsn.gov/,101 White Eagle Drive,Ponca City,Oklahoma,74601,2024-03-31 00:00:00,2028-03-18 00:00:00,OSG,,New Mexico,Missouri Basin,Region 2 - Southwest,,Intermountain,Southwest,,Tribal Statistical Area,-97.08231,36.60565,Tribal Office,Ponca Tribe of Indians of Oklahoma,,-10807153.7083,4384281.3623
Ponca Tribe of Nebraska,,Tribe,,Candace,,Schmidt,,,Chairperson,Great Plains,Yankton Agency,2523 Woodbine Street,Niobrara,Nebraska,68760,(402) 857-3391,(402) 857-3736,candaces@poncatribe-ne.org,https://poncatribe-ne.gov/,P.O. Box 288,Niobrara,Nebraska,68760,2022-12-12 00:00:00,2026-12-12 00:00:00,,,Wyoming,Missouri Basin,Region 6 - Mountain-Prairie,Eastern Tallgrass Prairie and Big Rivers,Midwest,Midwest,,Land Area Representation,-98.033,42.7512,Tribal Office,Ponca of Nebraska,,-10912984.1708,5274178.5463
Port Gamble S'Klallam Tribe,,Tribe,,Amber,,Caldera,,,Chairwoman,Northwest,Puget Sound Agency,31912 Little Boston Road NE,Kingston,Washington,98346,(360) 297-2646,(360) 297-7097,chairperson@pgst.nsn.us,https://pgst.nsn.us/,31912 Little Boston Road NE,Kingston,Washington,98346,2023-10-24 00:00:00,2026-07-13 00:00:00,"Annual, July, Second Monday (Chair, Elected Odd Numbered Years)",,Oregon/Washington,Columbia-Pacific Northwest,Region 1 - Pacific,,Pacific West,Northwest,,Land Area Representation,-122.5693,47.85215,Tribal Office,Port Gamble,,-13644353.51,6082293.6419
Portage Creek Village (aka Ohgsenakale),Ohgsenakale,Tribe,,Charlie,J.,Johnson,,,President,Alaska,Alaska Regional Office,3213 Minnesota Dr,Anchorage,Alaska,99516,(907) 277-1105,(907) 277-1104,"ciugtaq@yahoo.com, portagecreekadmin@bbna.com",,PO Box PCA,Dillingham,Alaska,99576,2018-10-01 00:00:00,2019-10-01 00:00:00,Annual Election listed as month.,Bristol Bay Native Corp.,Alaska,,Region 7 - Alaska,Western Alaska,Alaska,Alaska,Bristol Bay,Alaska Native Village,-149.9126,61.19072,Tribal Office,Portage Creek,,-16688190.6331,8669746.4717
"Potter Valley Tribe, California",Potter Valley Tribe,Tribe,,Salvador,,Rosales,,,Chairman,Pacific,Central California Agency,2251 South State Street,Ukiah,California,95482,(707) 462-1213,(707) 462-1240,pvtchairman@comcast.net,https://pottervalleytribe.com/,2251 South State Street,Ukiah,California,95482,2020-11-05 00:00:00,2024-11-05 00:00:00,Election details contact the Tribe or the Central California Agency.,,California,California-Great Basin,Region 8 - Pacific Southwest,California,Pacific West,Pacific,,Land Area Representation,-123.2015,39.11948,Tribal Office,Potter Valley,,-13714731.6402,4738800.555
Prairie Band Potawatomi Nation,,Tribe,,Joseph,,Rupnick,,Zeke,Chairman,Southern Plains,Horton Agency,16281 Q Road,Mayetta,Kansas,66509,(785) 966-4000,(785) 966-4009,josephrupnick@pbpnation.org,https://www.pbpindiantribe.com/,16281 Q Road,Mayetta,Kansas,66509,2022-07-28 00:00:00,2026-07-23 00:00:00,,,New Mexico,Missouri Basin,Region 6 - Mountain-Prairie,Eastern Tallgrass Prairie and Big Rivers,Midwest,Southwest,,Land Area Representation,-95.7394,39.34143,Tribal Office,Prairie Band,,-10657660.7158,4770697.8093
Prairie Island Indian Community in the State of Minnesota,,Tribe,,Grant,,Johnson,,,President,Midwest,Midwest Regional Office,5636 Sturgeon Lake Road,Welch,Minnesota,55089,(651) 385-4100,(651) 385-4180,grant.johnson@piic.org,https://prairieisland.org/,5636 Sturgeon Lake Road,Welch,Minnesota,55089,2023-10-10 00:00:00,2025-11-07 00:00:00,"1st Friday in November, odd numbered years",,Eastern States,,Region 3 - Midwest,Eastern Tallgrass Prairie and Big Rivers,Midwest,Midwest,,Land Area Representation,-92.64678,44.62991,Tribal Office,Prairie Island,,-10313392.587,5563445.8718
Pribilof Islands Aleut Communities of St. Paul & St. George Islands (St. George Island and Saint Paul Island),,Tribe,,,,,,,,Alaska,Alaska Regional Office,Please refer to affiliates for contact information,,,,,,,,,,Alaska,,,,,,,,,,,,,Alaska Native Village,-170.2764,57.12144,City Center,Pribilof Islands,,-18955083.3666,7784980.2311
"Pueblo of Acoma, New Mexico",Haak'u,Tribe,,Charles,P.,Riley,,,Governor,Southwest,Southern Pueblos Agency,25 Pinsbaari Drive,Acoma,New Mexico,87034,(505) 552-6604,(505) 552-7204,governor@poamail.org,https://www.puebloofacoma.org/,P.O. Box 309,Acoma,New Mexico,87034,,,,,New Mexico,Upper Colorado,Region 2 - Southwest,Southern Rockies,Intermountain,Southwest,,Land Area Representation,-107.6191,35.04394,Tribal Office,Pueblo of Acoma,,-11980108.7884,4169854.2229
"Pueblo of Cochiti, New Mexico",KO-TYIT,Tribe,,Phillip,,Quintana,,,Governor,Southwest,Southern Pueblos Agency,255 Cochiti Street,Cochiti,New Mexico,87072,(505) 465-2244,(505) 465-1135,governor@cochiti.org,https://cochiti.org/,P.O. Box 70,Cochiti,New Mexico,87072,,,,,New Mexico,Upper Colorado,Region 2 - Southwest,Southern Rockies,Intermountain,Southwest,,Land Area Representation,-106.3483,35.6083,Tribal Office,Pueblo of Cochiti,,-11838634.0386,4246857.4709
"Pueblo of Isleta, New Mexico",Tue-I,Tribe,,Eugene,,Jiron,,,Governor,Southwest,Southern Pueblos Agency,117 Tribal Rd 40,Isleta,New Mexico,87022,(505) 869-3111,(505) 869-4236,eugene.jiron@isletapueblo.com,https://www.isletapueblo.com/,P.O. Box 1270,Isleta,New Mexico,87022,,,,,New Mexico,Upper Colorado,Region 2 - Southwest,Southern Rockies,Intermountain,Southwest,,Land Area Representation,-106.6968,34.90604,Tribal Office,Pueblo of Isleta,,-11877429.2263,4151120.2194
"Pueblo of Jemez, New Mexico",Walatowa,Tribe,,John,,Galvan,,,Governor,Southwest,Southern Pueblos Agency,4471 Highway 4 N,Jemez Pueblo,New Mexico,87024,(575) 834-7359,(575) 834-7331,John.L.Galvan@jemezpueblo.org,https://www.jemezpueblo.org/,P.O. Box 100,Jemez Pueblo,New Mexico,87024,,,,,New Mexico,Upper Colorado,Region 2 - Southwest,Southern Rockies,Intermountain,Southwest,,Land Area Representation,-106.7292,35.60233,Tribal Office,Pueblo of Jemez,,-11881041.2988,4246039.035
"Pueblo of Laguna, New Mexico",Ka'waika,Tribe,,Harry,,Antonio,Jr.,,Governor,Southwest,Southern Pueblos Agency,22 Capital Rd,Laguna,New Mexico,87026,(505) 552-6654,(505) 552-6941,hantoniojr@pol-nsn.gov,https://www.lagunapueblo-nsn.gov/,P.O. Box 194,Laguna,New Mexico,87026,,,,,New Mexico,Upper Colorado,Region 2 - Southwest,Southern Rockies,Intermountain,Southwest,,Land Area Representation,-107.3862,35.03572,Tribal Office,Pueblo of Laguna,,-11954180.4975,4168737.0403
"Pueblo of Nambe, New Mexico",Nambe O-Ween-Ge,Tribe,,Nathaniel,S.,Porter,,,Governor,Southwest,Northern Pueblos Agency,15-A NP 102 West,Santa Fe,New Mexico,87506,(505) 455-4410,(505) 455-2038,governor@nambepueblo.org,https://www.nambepueblo.org/about-nambe-pueblo/,15A NP 102 West,Santa Fe,New Mexico,87506,,,,,New Mexico,Upper Colorado,Region 2 - Southwest,Southern Rockies,Intermountain,Southwest,,Land Area Representation,-105.9632,35.88695,Tribal Office,Pueblo of Nambe,,-11795763.9009,4285076.6697
"Pueblo of Picuris, New Mexico",Pe'ewi,Tribe,,Craig,,Quanchello,,,Governor,Southwest,Northern Pueblos Agency,State Highway 75,Penasco,New Mexico,87533,(575) 587-2519,(575) 587-1071,governor@picurispueblo.org,https://www.picurispueblo.org/,P.O. Box 127,Penasco,New Mexico,87553,,,,,New Mexico,Upper Colorado,Region 2 - Southwest,Southern Rockies,Intermountain,Southwest,,Land Area Representation,-105.7094,36.20049,Tribal Office,Pueblo of Picuris,,-11767513.6301,4328243.0126
"Pueblo of Pojoaque, New Mexico",PO-SUWAE-GEH,Tribe,,Jenelle,,Roybal,,,Governor,Southwest,Northern Pueblos Agency,78 Cities of Gold Road,Santa Fe,New Mexico,87506,(505) 455-2278,(505) 455-0174,jcroybal@pojoaque.org,https://pojoaque.org/,78 Cities of Gold Road,Santa Fe,New Mexico,87506,,,,,New Mexico,Upper Colorado,Region 2 - Southwest,Southern Rockies,Intermountain,Southwest,,Land Area Representation,-106.0182,35.88682,Tribal Office,Pueblo of Pojoaque,,-11801887.3634,4285059.3736
"Pueblo of San Felipe, New Mexico",Katishtya,Tribe,,Mark,,Calabaza,,,Governor,Southwest,Southern Pueblos Agency,127 Hagen Road,San Felipe Pueblo,New Mexico,87001,(505) 867-3381,(505) 867-3383,gov.mcalabaza@sfpueblo.com,https://sfpueblo.com/,P.O. Box 4339,San Felipe Pueblo,New Mexico,87001,,,,,New Mexico,Upper Colorado,Region 2 - Southwest,Southern Rockies,Intermountain,Southwest,,Land Area Representation,-106.4241,35.42762,Tribal Office,Pueblo of San Felipe,,-11847076.9318,4222145.9023
"Pueblo of San Ildefonso, New Mexico",Po-woh-ge-oweenge,Tribe,,Christopher,,Moquino,,,Governor,Southwest,Northern Pueblos Agency,02 Tunyo Po,Santa Fe,New Mexico,87501,(505) 455-2273,(505) 455-7351,governor@sanipueblo.org,https://sanipueblo.org/,02 Tunyo Po,Santa Fe,New Mexico,87506,,,,,New Mexico,Upper Colorado,Region 2 - Southwest,Southern Rockies,Intermountain,Southwest,,Land Area Representation,-106.1207,35.89384,Tribal Office,Pueblo of San Ildefonso,,-11813302.8098,4286024.3667
"Pueblo of Sandia, New Mexico",NA-FIAT,Tribe,,Stuart,,Paisano,,,Governor,Southwest,Southern Pueblos Agency,481 Sandia Loop,Bernalillo,New Mexico,87004,(505) 867-3317,(505) 867-9235,govpaisano@sandiapueblo.nsn.us,https://sandiapueblo.nsn.us/,481 Sandia Loop,Bernalillo,New Mexico,87004,,,,,New Mexico,Upper Colorado,Region 2 - Southwest,Southern Rockies,Intermountain,Southwest,,Land Area Representation,-106.5729,35.25494,Tribal Office,Pueblo of Sandia,,-11863639.1347,4198581.1942
"Pueblo of Santa Ana, New Mexico",TAMAYA,Tribe,,Myron,,Armijo,,,Governor,Southwest,Southern Pueblos Agency,2 Dove Road,Santa Ana Pueblo,New Mexico,87004,(505) 771-6700,(505) 867-3395,governors@santaana-nsn.gov,https://santaana-nsn.gov/,2 Dove Road,Santa Ana Pueblo,New Mexico,87004,,,,,New Mexico,Upper Colorado,Region 2 - Southwest,Southern Rockies,Intermountain,Southwest,,Land Area Representation,-106.5306,35.34323,Tribal Office,Pueblo of Santa Ana,,-11858928.0716,4210622.7541
"Pueblo of Santa Clara, New Mexico",Kah'p'oo Owinge,Tribe,,James,A.,Naranjo,,,Governor,Southwest,Northern Pueblos Agency,578 Kee Street,Espanola,New Mexico,87532,(505) 753-7330,(505) 753-5375,governor@santaclarapueblo.org,https://www.santaclarapueblo.org/,P.O. Box 580,Espanola,New Mexico,87532,,,,,New Mexico,Upper Colorado,Region 2 - Southwest,Southern Rockies,Intermountain,Southwest,,Land Area Representation,-106.0881,35.97108,Tribal Office,Pueblo of Santa Clara,,-11809674.5959,4296642.8612
"Pueblo of Taos, New Mexico",Tuah-Tah,Tribe,,Michael,E.,Martinez,,,Governor,Southwest,Northern Pueblos Agency,120A Veterans Highway,Taos,New Mexico,87571,(575) 758-9593,(575) 758-4604,governor@taospueblo.com,https://taospueblo.com/,P.O. Box 1846,Taos,New Mexico,87571,,,,,New Mexico,Upper Colorado,Region 2 - Southwest,Southern Rockies,Intermountain,Southwest,,Land Area Representation,-105.5475,36.43817,Tribal Office,Pueblo of Taos,,-11749490.6261,4361081.7926
"Pueblo of Tesuque, New Mexico",TET-SUGEH,Tribe,,Mark,,Mitchell,,,Governor,Southwest,Northern Pueblos Agency,20 TP828 - Administration Building,Santa Fe,New Mexico,87506,(505) 983-2667,(505) 982-2331,governor@pueblooftesuque.org,https://www.tesuquepueblo.org/,"RR 42, Box 360-T",Santa Fe,New Mexico,87506,,,,,New Mexico,Upper Colorado,Region 2 - Southwest,Southern Rockies,Intermountain,Southwest,,Land Area Representation,-105.9744,35.81504,Tribal Office,Pueblo of Tesuque,,-11797015.7776,4275201.5201
"Pueblo of Zia, New Mexico",Tsi-ya,Tribe,,Boyd,,Toribio,,,Governor,Southwest,Southern Pueblos Agency,135 Capitol Square Drive,Zia Pueblo,New Mexico,87053,(505) 867-3304,(505) 867-3308,governor@ziapueblo.org,https://www.ziapueblo.org/,135 Capitol Square Drive,Zia Pueblo,New Mexico,87053,,,,,New Mexico,Lower Colorado,Region 2 - Southwest,Southern Rockies,Intermountain,Southwest,,Land Area Representation,-106.7295,35.49852,Tribal Office,Pueblo of Zia,,-11881076.9656,4231836.0802
"PuliklaTribe of Yurok People (previously listed as Resighini Rancheria, California)",,Tribe,,Fawn,,Murphy,,,Chairperson,Pacific,Northern California Agency,158 East Klamath Beach Road,Klamath,California,95548,(707) 482-2431,(707) 482-3425,office@resighinirancheria.com,https://puliklatribe.gov/,P.O. Box 529,Klamath,California,95548,2025-12-18 00:00:00,2029-12-01 00:00:00,,,California,California-Great Basin,Region 8 - Pacific Southwest,,Pacific West,Pacific,,Land Area Representation,-124.0222,41.51397,Tribal Office,Resighini,,-13806087.1979,5088450.7797
Puyallup Tribe of the Puyallup Reservation,,Tribe,,Bill,,Sterud,,,Chairman,Northwest,Puget Sound Agency,3009 East Portland Avenue,Tacoma,Washington,98404,(253) 573-7800,(253) 680-5996,bill.sterud@puyalluptribe-nsn.gov,https://www.puyalluptribe-nsn.gov/,3009 East Portland Avenue,Tacoma,Washington,98404,2019-06-06 00:00:00,2026-06-01 00:00:00,"Annual, June (Election Dates Vary)",,Oregon/Washington,Columbia-Pacific Northwest,Region 1 - Pacific,,Pacific West,Northwest,,Land Area Representation,-122.4096,47.23632,Tribal Office,Puyallup,,-13626570.021,5980733.2618
"Pyramid Lake Paiute Tribe of the Pyramid Lake Reservation, Nevada",,Tribe,,Steven,,Wadsworth,,,Chairman,Western,Western Nevada Agency,208 Capitol Hill,Nixon,Nevada,89424,(775) 574-1000,(775) 574-1008,swadsworth@plpt.nsn.us,https://plpt.nsn.us/,P.O. Box 256,Nixon,Nevada,89424,2025-01-01 00:00:00,2026-12-01 00:00:00,,,Nevada,California-Great Basin,Region 8 - Pacific Southwest,,Pacific West,Pacific,,Land Area Representation,-119.3569,39.83139,Tribal Office,Pyramid Lake,,-13286744.5773,4841470.003
Qagan Tayagungin Tribe of Sand Point,QTT,Tribe,,Jason,,Bjornstad,,,President,Alaska,Alaska Regional Office,100 Main Street Suite 7C,Sand Point,Alaska,99661,(907) 383-5616,,QTTAdminAssistant@arctic.net,https://www.qttribe.org/,P.O. Box 447,Sand Point,Alaska,99661,2024-10-01 00:00:00,2026-10-06 00:00:00,President's term ends 2027,The Aleut Corp.,Alaska,,Region 7 - Alaska,Western Alaska,Alaska,Alaska,Kodiak/Aleutians,Alaska Native Village,-160.4981,55.34083,Tribal Office,Qagan Tayagungin,,-17866571.04,7428296.8395
Qawalangin Tribe of Unalaska,,Tribe,,Shayla,,Shaishnikoff,,,President,Alaska,Alaska Regional Office,1253 E Broadway Ave,Unalaska,Alaska,99685,(907) 581-2920,(907) 581-3644,chelsey@qawalangin.com,https://www.qawalangin.com/,P.O. Box 334,Unalaska,Alaska,99685,2025-11-15 00:00:00,2026-11-01 00:00:00,Two-year term ends 2027. Election listed as month/year.,The Aleut Corp.,Alaska,,Region 7 - Alaska,Aleutian and Bering Sea Islands,Alaska,Alaska,Kodiak/Aleutians,Alaska Native Village,-166.5096,53.86072,Tribal Office,Qawalangin,,-18535760.244,7143821.9125
Quapaw Nation,Quapaw Nation,Tribe,,Jesse,Manz,McKibben,II,Manz,Chair,Eastern Oklahoma,Miami Agency,5681 South 630 Road,Quapaw,Oklahoma,74364,(918) 542-1853,(918) 542-4694,Manz.mckibben@quapawnation.com,https://www.quapawtribe.com/,P.O. Box 765,Quapaw,Oklahoma,74363,2026-07-25 00:00:00,2028-06-24 00:00:00,,,New Mexico,Missouri Basin,Region 2 - Southwest,Eastern Tallgrass Prairie and Big Rivers,Intermountain,Southwest,,Tribal Statistical Area,-94.75254,36.93557,Tribal Office,Quapaw Nation,,-10547804.5698,4430129.8437
Quartz Valley Indian Community of the Quartz Valley Reservation of California,,Tribe,,Leonard,,Lincoln,,,Chairman,Pacific,Northern California Agency,13601 Quartz Valley Road,Fort Jones,California,96032,(530) 468-5907,(530) 468-5908,tribalchairman@qvir-nsn.gov,https://qvir.com/,13601 Quartz Valley Road,Fort Jones,California,96032,2021,2023,Actual election date refer to Tribe or Northern California Agency.,,California,California-Great Basin,Region 8 - Pacific Southwest,,Pacific West,Pacific,,Land Area Representation,-122.976,41.60142,Tribal Office,Quartz Valley,,-13689623.774,5101460.0285
"Quechan Tribe of the Fort Yuma Indian Reservation, California & Arizona",,Tribe,,Jonathan,E.,Koteen,,,President,Western,Fort Yuma Agency,350 Picacho Road,Winterhaven,California,92283,(760) 919-3600,(760) 572-2102,president@quechantribe.com,https://www.quechantribe.com/,P.O. Box 1899,Yuma,Arizona,85366,,,,,Arizona,Lower Colorado,Region 2 - Southwest,,Intermountain,Southwest,,Land Area Representation,-114.6159,32.73386,Tribal Office,Quechan,,-12758978.326,3860031.379
Quileute Tribe of the Quileute Reservation,,Tribe,,"Justin """"Rio""""",,Jaime,Jr.,,Chairman,Northwest,Olympic Peninsula Agency,90 Main Street,La Push,Washington,98350,(360) 374-6163,(360) 374-6311,Rio.Jaime@quileutenation.org,https://quileutetribe.com/,P.O. Box 279,La Push,Washington,98350,2019-01-18 00:00:00,2027-01-02 00:00:00,"Annual, January, Friday (Election Dates Vary)",,Oregon/Washington,Columbia-Pacific Northwest,Region 1 - Pacific,,Pacific West,Northwest,,Land Area Representation,-124.6364,47.90965,Tribal Office,Quileute,,-13874457.8438,6091836.1377
Quinault Indian Nation,,Tribe,,Guy,,Capoeman,,,President,Northwest,Taholah Agency,1214 Aalis Drive,Taholah,Washington,98587,(360) 276-8211,(360) 276-8256,guy.capoeman@quinault.org,https://www.quinaultindiannation.com/,P.O. Box 189,Taholah,Washington,98587,2021-03-25 00:00:00,2026-05-01 00:00:00,"Annual, March, Last Friday and Saturday",,Oregon/Washington,Columbia-Pacific Northwest,Region 1 - Pacific,,Pacific West,Northwest,,Land Area Representation,-124.2854,47.3392,Tribal Office,Quinault,,-13835392.584,5997616.8148
Ramah Navajo Chapter of the Navajo Nation,,"Affiliate (band, community, village, island, etc...)",,Martha,,Garcia,,,President,Southwest,Ramah Navajo Agency,419 BIA Route 125,Pinehill,New Mexico,87357,(505) 775-7130,(505) 775-7137,marthagarcia@ramahchapter.com,https://ramah.navajochapters.org/,"HC-61, Box 13",Ramah,New Mexico,87321,,,,,New Mexico,Upper Colorado,Region 2 - Southwest,,Intermountain,Southwest,,Land Area Representation,-108.4114,34.9973,Tribal Office,Ramah Navajo Chapter,,-12068298.4267,4163514.6399
"Ramona Band of Cahuilla, California",Ramona Reservation,Tribe,,Danae,,Hamilton Vega,,,Chairperson,Pacific,Southern California Agency,56310 Highway 371 Suite B,Anza,California,92539,(951) 763-4105,(951) 763-4325,dhamiltonvega@ramona-nsn.gov,https://ramona-nsn.gov,P.O. Box 391670,Anza,California,92539,2021-02-18 00:00:00,,Contact the Southern California Agency for more information.,,California,Lower Colorado,Region 8 - Pacific Southwest,,Pacific West,Pacific,,Land Area Representation,-116.6783,33.55552,Tribal Office,Ramona,,-12988563.7329,3969274.6224
Rampart Village,,Tribe,,Dawn,,Newman,,,First Chief,Alaska,Fairbanks Agency,#15 Wiehl Way,Rampart,Alaska,99767,(907) 358-3312,(907) 358-3115,rvc.irr@gmail.com;,https://www.tananachiefs.org/about/communities/rampart/,P.O. Box 29,Rampart,Alaska,99767,2024-03-01 00:00:00,2026-01-31 00:00:00,"2 Year Term, listed as month and year",Doyon Ltd.,Alaska,,Region 7 - Alaska,Northwest Boreal,Alaska,Alaska,Eastern Interior,Alaska Native Village,-150.1718,65.50342,Tribal Office,Rampart,,-16717046.4596,9742240.9277
"Rappahannock Tribe, Inc.","Rappahannock Tribe, Inc.",Tribe,,G.,Anne,Richardson,,,Chief,Eastern,Eastern Regional Office,"Rappahannock Tribe Cultural Center, 5036 Indian Neck Road",Indian Neck,Virginia,23148,804-769-0260,804-769-9250,info@rappahannocktribeorg; arichardson@rappahannocktribe.org,https://www.rappahannocktribe.org/,"The Powhatan Confederation, Tribal Office 5036 Indian Neck Road",Indian Neck,Virginia,23148,,,Newly recognized in January 2018 by Legislation signed by the President,,Eastern States,,Region 5 - Northeast,,Northeast,Northeast,,Land Area Representation,-77.04748,37.9086,Tribal Office,Rappahannock,,-8576885.9867,4566521.5336
Red Cliff Band of Lake Superior Chippewa Indians of Wisconsin,,Tribe,,Nicole,L,Boyd,,,Chairwoman,Midwest,Great Lakes Agency,88455 Pike Road,Bayfield,Wisconsin,54814,(715) 779-3700,(715) 779-3704,nicole.boyd@redcliff-nsn.gov,https://www.redcliff-nsn.gov/,88385 Pike Road Highway 13,Bayfield,Wisconsin,54814,2023-07-04 00:00:00,2025-07-02 00:00:00,1st Tuesday in July every 2 years (odd numbered),,Eastern States,,Region 3 - Midwest,,Midwest,Midwest,,Land Area Representation,-90.79214,46.85235,Tribal Office,Red Cliff,,-10106935.3249,5918006.7749
"Red Lake Band of Chippewa Indians, Minnesota",,Tribe,,Darrell,G.,Seki,Sr.,,Chairman,Midwest,Midwest Regional Office,15484 Migizi Drive,Red Lake,Minnesota,56671,(218) 679-3341,(218) 679-3378,dseki@redlakenation.org,https://www.redlakenation.org/,P.O. Box 550,Red Lake,Minnesota,56671,2022-05-18 00:00:00,2028-05-17 00:00:00,"May, even numbered years",,Eastern States,,Region 3 - Midwest,,Midwest,Midwest,,Land Area Representation,-95.00665,47.88018,Tribal Office,Red Lake,,-10576091.3656,6086944.8469
"Redding Rancheria, California",,Tribe,,Jack,,Potter,Jr.,,Chairman,Pacific,Pacific Regional Office,2000 Redding Rancheria Road,Redding,California,96001,(530) 225-8979,(530) 241-1879,jack.potter@reddingrancheria-nsn.gov,https://www.reddingrancheria-nsn.gov/,2000 Redding Rancheria Road,Redding,California,96001,,,Election dates contact the Tribe or BIA servicing agency.,,California,California-Great Basin,Region 8 - Pacific Southwest,,Pacific West,Pacific,,Land Area Representation,-122.3858,40.5069,Tribal Office,Redding,,-13623926.9957,4939880.0255
Redwood Valley or Little River Band of Pomo Indians of the Redwood Valley Rancheria California,Redwood Valley Rancheria,Tribe,,Debra,,Ramirez,,,Chairwoman,Pacific,Central California Agency,3250 Road I,Redwood Valley,California,95470,(707) 485-0361,(707) 485-5726,secretary@rvrpomo.net,https://www.rvrpomo.net/,3250 Road I,Redwood Valley,California,95470,2026-08-24 00:00:00,2028-08-24 00:00:00,,,California,California-Great Basin,Region 8 - Pacific Southwest,California,Pacific West,Pacific,,Land Area Representation,-123.1838,39.28566,Tribal Office,Redwood Valley,,-13712759.5598,4762672.3325
"Reno-Sparks Indian Colony, Nevada",,Tribe,,Daryl,D.,Gardipe,,,Chairman,Western,Western Nevada Agency,34 Reservation Road,Reno,Nevada,89502,(775) 329-2936,(775) 329-8710,doug@rsic.org,https://www.rsic.org/,34 Reservation Road,Reno,Nevada,89502,,,,,Nevada,California-Great Basin,Region 8 - Pacific Southwest,,Pacific West,Pacific,,Land Area Representation,-119.7865,39.52438,Tribal Office,Reno-Sparks,,-13334572.9297,4797064.7019
"Rincon Band of Luiseno Indians (previously listed as Rincon Band of Luiseno Mission Indians of Rincon Reservation, California)",Rincon Reservation,Tribe,,Steve,,Stallings,,,Chairman,Pacific,Southern California Agency,One Government Center Lane,Valley Center,California,92082,(760) 749-1051,(760) 749-8901,"rclark@rincon-nsn.gov , sstallings@rincon-nsn.gov",https://rincon-nsn.gov/,One Government Center Lane,Valley Center,California,92082,2025-07-13 00:00:00,2026-12-12 00:00:00,Election details contact Tribe or Southern California Agency.,,California,Lower Colorado,Region 8 - Pacific Southwest,California,Pacific West,Pacific,,Land Area Representation,-116.9615,33.25206,Tribal Office,Rincon,,-13020098.2514,3928808.1873
Robinson Rancheria,Robinson Rancheria,Tribe,,Sonja,,Poe,,,Chairperson,Pacific,Central California Agency,1545 East Highway 20,Nice,California,95464,(707) 275-0527,(707) 275-8736,spoe@rrcbc-nsn.gov,https://rrcbc-nsn.gov,P.O. Box 4015,Nice,California,95464,2023-11-01 00:00:00,2025-11-01 00:00:00,,,California,California-Great Basin,Region 8 - Pacific Southwest,California,Pacific West,Pacific,,Land Area Representation,-122.8821,39.14262,Tribal Office,Robinson,,-13679173.1336,4742121.862
"Rosebud Sioux Tribe of the Rosebud Indian Reservation, South Dakota",,Tribe,,Kathleen,,Wooden Knife,,,President,Great Plains,Rosebud Agency,11 Legion Avenue,Rosebud,South Dakota,57570,(605) 747-2381,(605) 747-2905,kathleen.woodenknife@rst-nsn.gov,https://www.rosebudsiouxtribe-nsn.gov/,P.O. Box 430,Rosebud,South Dakota,57570,09/2021,09/2023,,,Montana/Dakotas,Missouri Basin,Region 6 - Mountain-Prairie,,Midwest,Midwest,,Land Area Representation,-100.8539,43.23153,Tribal Office,Rosebud,,-11227002.7665,5347279.0367
"Round Valley Indian Tribes, Round Valley Reservation, California",,Tribe,,Joseph,,Parker,,,President,Pacific,Central California Agency,77826 Covelo Road,Covelo,California,95428,(707) 983-6126,(707) 983-6128,jparker@council.rvit.org,https://www.rvit.org/,77826 Covelo Road,Covelo,California,95428,2024-11-01 00:00:00,2028-11-01 00:00:00,​Contact Tribe or the Central California Agency for election details.,,California,California-Great Basin,Region 8 - Pacific Southwest,,Pacific West,Pacific,,Land Area Representation,-123.2488,39.81441,Tribal Office,Round Valley,,-13719994.7478,4839009.0003
Sac & Fox Nation of Missouri in Kansas and Nebraska,,Tribe,,Tiauna,,Carnes,,,Chairperson,Southern Plains,Horton Agency,305 North Main Street,Reserve,Kansas,66434,(785) 742-7471,(785) 742-3785,tiauna.carnes@sacandfoxks.com,https://www.sacandfoxks.com/,305 North Main Street,Reserve,Kansas,66434,2025-08-01 00:00:00,2027-08-01 00:00:00,,,New Mexico,Missouri Basin,Region 6 - Mountain-Prairie,Eastern Tallgrass Prairie and Big Rivers,Midwest,Southwest,,Land Area Representation,-95.5643,39.97802,Tribal Office,Sac & Fox of Missouri,,-10638169.2032,4862748.1866
"Sac & Fox Nation, Oklahoma",,Tribe,,Audrey,R.,Lee,,,Principal Chief,Southern Plains,Southern Plains Regional Office,920963 S. Hwy 99,Stroud,Oklahoma,74079,(918) 968-3526,(918) 968-1142,principlechief@sacandfoxnation-nsn.gov,https://www.sacandfoxnation-nsn.gov/,920883 S. Highway 99 Building A,Stroud,Oklahoma,74079,2023-09-20 00:00:00,2027-08-28 00:00:00,OSG,,New Mexico,Missouri Basin,Region 2 - Southwest,,Intermountain,Southwest,,Tribal Statistical Area,-96.66338,35.66665,Tribal Office,Sac and Fox Nation,,-10760518.6273,4254849.708
Sac & Fox Tribe of the Mississippi in Iowa,,Tribe,,Lucie,,Roberts,,,Chair,Midwest,Midwest Regional Office,349 Meskwaki Road,Tama,Iowa,52339,(641) 484-4678,(641) 484-5424,executive.assistant@meskwaki-nsn.gov,https://www.meskwaki.org/,349 Meskwaki Road,Tama,Iowa,52339,2021-10-19 00:00:00,2025-10-19 00:00:00,"3rd Tuesday in October, odd numbered years",,Eastern States,,Region 3 - Midwest,Eastern Tallgrass Prairie and Big Rivers,Midwest,Midwest,,Land Area Representation,-92.65211,41.98767,Tribal Office,Sac & Fox of Mississippi,,-10313985.3989,5159132.2114
Saginaw Chippewa Indian Tribe of Michigan,,Tribe,,Lucas,,Sprague,,,Chief,Midwest,Michigan Agency,7500 Soaring Eagle Boulevard,Mt. Pleasant,Michigan,48858,(989) 775-4000,(989) 775-4131,lucsprague@sagchip.org,https://www.sagchip.org/,7500 Soaring Eagle Boulevard,Mt. Pleasant,Michigan,48858,2025-11-07 00:00:00,2027-11-06 00:00:00,"1st Tuesday after 1st Monday in November, odd numbered years",,Eastern States,,Region 3 - Midwest,,Midwest,Midwest,,Land Area Representation,-84.7058,43.60899,Tribal Office,Saginaw Chippewa,,-9429405.9989,5405130.492
Saint Regis Mohawk Tribe,St. Regis Band of Mohawk Indians in New York,Tribe,,Michael,,"Conners, Donald Thompson, Jr.; Ross Garrow",,,Chiefs (3),Eastern,Eastern Regional Office,71 Margaret Terrance Memorial Way,Akwesasne,New York,13655,(518) 358-2272,(518) 358-4519,abero@srmt-nsn.gov,https://www.srmt-nsn.gov/,71 Margaret Terrance Memorial Way,Akwesasne,New York,13655,2021-06-01 00:00:00,2025-06-01 00:00:00,"Staggered terms for the 3 Chiefs, election are held each year in June",,Eastern States,,Region 5 - Northeast,,Northeast,Northeast,,Land Area Representation,-74.66965,44.97919,Tribal Office,Saint Regis,,-8312187.1062,5618245.5018
Salamatof Tribe,Village of Salamatoff,Tribe,,Chris,,Monfor,,,Chairman,Alaska,Alaska Regional Office,48660 W Poppy Lane,Soldotna,Alaska,99669,(907) 283-2700,907-331-0511,anna.bateman@salamatoftribe.com; cmonfor@salamatof.com,https://www.salamatof.com/,P.O. Box 1425,Kenai,Alaska,99611,2024-04-01 00:00:00,2027-04-01 00:00:00,,Cook Inlet Region Inc.,Alaska,,Region 7 - Alaska,Northwest Boreal,Alaska,Alaska,Southcentral,Alaska Native Village,-151.1942,60.4884,Tribal Office,Salamatof,,-16830856.1006,8509285.839
"Salt River Pima-Maricopa Indian Community of the Salt River Reservation, Arizona",,Tribe,,Martin,,Harvier,,,President,Western,Salt River Agency,10005 East Osborn Road SRP-MIC,Scottsdale,Arizona,85256,(480) 362-7400,(480) 362-7593,martin.harvier@srpmic-nsn.gov,https://srpmic-nsn.gov/,10005 East Osborn Road SRP-MIC,Scottsdale,Arizona,85256,2022-12-01 00:00:00,2026-12-01 00:00:00,,,Arizona,Lower Colorado,Region 2 - Southwest,,Intermountain,Southwest,,Land Area Representation,-111.8634,33.48702,Tribal Office,Salt River,,-12452580.189,3960127.2739
Samish Indian Nation,,Tribe,,Tom,,Wooten,,,Chairman,Northwest,Puget Sound Agency,2918 Commercial Avenue,Anacortes,Washington,98221,(360) 293-6404,(360) 299-0790,tomwooten@samishtribe.nsn.us,https://www.samishtribe.nsn.us/,P.O. Box 217,Anacortes,Washington,98221,2012-06-24 00:00:00,2026-06-27 00:00:00,"Annual,June, Last Saturday, (Chair Three Year Term)",,Oregon/Washington,Columbia-Pacific Northwest,Region 1 - Pacific,,Pacific West,Northwest,,Federally Recognized Tribal Entity,-122.6132,48.49828,Tribal Office,Samish,,-13649237.8419,6190154.1435
"San Carlos Apache Tribe of the San Carlos Reservation, Arizona",,Tribe,,Terry,,Rambler,,,Chairman,Western,San Carlos Agency,Building 3A San Carlos Ave,San Carlos,Arizona,85550,(928) 475-1600,(928) 475-2567,trambler@scatui.net,https://itcaonline.com/member-tribes/san-carlos-apache-tribe/,P.O. Box 0,San Carlos,Arizona,85550,,,,,Arizona,Lower Colorado,Region 2 - Southwest,,Intermountain,Southwest,,Land Area Representation,-110.452,33.35181,Tribal Office,San Carlos,,-12295465.3719,3942094.6442
San Juan Southern Paiute Tribe of Arizona,,Tribe,,Carlene,,Yellowhair,,,President,Western,Southern Paiute Agency,67 NW Maple St,Tuba City,Arizona,86045,(928) 212-9794,,c.yellowhair@sanjuanpaiute-nsn.gov,https://www.sanjuanpaiute-nsn.gov/,PO Box 2950,Tuba City,Arizona,86045,2024-12-14 00:00:00,2027-11-01 00:00:00,,,Arizona,Lower Colorado,Region 2 - Southwest,,Intermountain,Southwest,,Federally Recognized Tribal Entity,-111.2415,36.13956,Tribal Office,San Juan,,-12383342.1368,4319841.7404
San Pasqual Band of Diegueno Mission Indians of California,San Pasqual Reservation,Tribe,,Stephen,W.,Cope,,,Spokesman,Pacific,Southern California Agency,16400 Kumeyaay Way,Valley Center,California,92082,(760) 749-3200,(760) 749-3876,stevenc@sanpasqualtribe.org,https://www.sanpasqualbandofmissionindians.org/,P.O. Box 365,Valley Center,California,92082,,,Election details contact Tribe or Southern California Agency.,,California,Lower Colorado,Region 8 - Pacific Southwest,California,Pacific West,Pacific,,Land Area Representation,-116.9752,33.21405,Tribal Office,San Pasqual,,-13021623.5956,3923750.6546
"Santa Rosa Band of Cahuilla Indians, California",Santa Rosa Band of Cahuilla Mission Indians of the Santa Rosa Reservation,Tribe,,Steven,,Estrada,,,Chairman,Pacific,Southern California Agency,65200 State Highway 74,Mountain Center,California,92561,(951) 659-2700,(951) 659-2228,sestrada@santarosa-nsn.gov,https://santarosa-nsn.gov/,P.O. Box 391820,Anza,California,92539,2025-11-05 00:00:00,2028-11-05 00:00:00,Election details contact Tribe or Southern California Agency.,,California,Lower Colorado,Region 8 - Pacific Southwest,California,Pacific West,Pacific,,Land Area Representation,-116.5318,33.55723,Tribal Office,Santa Rosa of Cahuilla,,-12972255.4609,3969502.9113
"Santa Rosa Indian Community of the Santa Rosa Rancheria, California",Santa Rosa Rancheria and/or Tachi Yokut Tribe,Tribe,,Leo,,Sisco,,,Chairman,Pacific,Central California Agency,16835 Alkali Drive,Lemoore,California,93245,(559) 924-1278,(559) 925-3583,lsisco@tachi-yokut-nsn.gov,https://www.tachi-yokut-nsn.gov/,P.O. Box 8,Lemoore,California,93245,2021-05-01 00:00:00,2023-05-01 00:00:00,Election details contact the Tribe or the Central California Agency.,,California,California-Great Basin,Region 8 - Pacific Southwest,California,Pacific West,Pacific,,Land Area Representation,-119.7599,36.23821,Tribal Office,Santa Rosa,,-13331613.9575,4333448.2298
"Santa Ynez Band of Chumash Mission Indians of the Santa Ynez Reservation, California",Santa Ynez Reservation,Tribe,,Kenneth,,Khan,,,Chairman,Pacific,Southern California Agency,100 Via Juana Lane,Santa Ynez,California,93460,(805) 688-7997,(805) 686-9578,"info@santaynezchumash.org , kkahn@santaynezchumash.org",https://chumash.gov/,P.O. Box 517,Santa Ynez,California,93460,2021-03-26 00:00:00,,Election details contact Tribe or Southern California Agency.,,California,Lower Colorado,Region 8 - Pacific Southwest,California,Pacific West,Pacific,,Land Area Representation,-120.093,34.60391,Tribal Office,Santa Ynez,,-13368696.1163,4110183.8452
"Santee Sioux Nation, Nebraska",,Tribe,,Alonzo,,Denney,,,Chairman,Great Plains,Winnebago Agency,108 Spirit Lake Avenue West,Niobrara,Nebraska,68760,(402) 857-2772,(402) 857-2779,alonzo.denney@ssndakota.com,https://santeesiouxnation.com/,108 Spirit Lake Avenue West,Niobrara,Nebraska,68760,2022-11-06 00:00:00,2026-11-06 00:00:00,,,Wyoming,Missouri Basin,Region 6 - Mountain-Prairie,,Midwest,Midwest,,Land Area Representation,-97.85417,42.83575,Tribal Office,Santee Sioux,,-10893076.3115,5287005.555
Santo Domingo Pueblo,,Tribe,,Raymond,,Aguilar,Jr.,,Governor,Southwest,Southern Pueblos Agency,134 Tesuque St.,Santo Domingo Pueblo,New Mexico,87052,(505) 465-2214,(505) 465-2688,governor@kewa-nsn.us,https://santodomingotribe.org/,P.O. Box 99,Santo Domingo Pueblo,New Mexico,87052,,,,,New Mexico,Upper Colorado,Region 2 - Southwest,,Intermountain,Southwest,,Land Area Representation,-106.3611,35.51369,Tribal Office,Santo Domingo,,-11840067.6556,4233910.1552
Sauk-Suiattle Indian Tribe,,Tribe,,Nino,,Maltos,II,,Chairman,Northwest,Puget Sound Agency,5318 Chief Brown Lane,Darrington,Washington,98241,(360) 436-0131,(360) 436-1511,chairman@sauk-suiattle.com,https://www.sauk-suiattle.com/,5318 Chief Brown Lane,Darrington,Washington,98241,2021-01-11 00:00:00,2026-12-01 00:00:00,"Annual, December, First Week (Chair, Annual)",,Oregon/Washington,Columbia-Pacific Northwest,Region 1 - Pacific,,Pacific West,Northwest,,Land Area Representation,-121.5525,48.32198,Tribal Office,Sauk-Suiattle,,-13531158.7645,6160588.8952
"Sault Ste. Marie Tribe of Chippewa Indians, Michigan",,Tribe,,Austin,,Lowes,,,Chairperson,Midwest,Michigan Agency,523 Ashmun Street,Sault Ste. Marie,Michigan,49783,(906) 635-6050,(906) 635-4969,alowes@saulttribe.net,https://www.saulttribe.com/,523 Ashmun Street,Sault Ste. Marie,Michigan,49783,2024-06-27 00:00:00,2028-06-22 00:00:00,"4th Thursday in June, even numbered years",,Eastern States,,Region 3 - Midwest,,Midwest,Midwest,,Land Area Representation,-84.348,46.49678,Tribal Office,Sault Ste. Marie,,-9389576.3616,5860318.5596
Scotts Valley Band of Pomo Indians of California,Scotts Valley Rancheria,Tribe,,Shawn,,Davis,,,Chairman,Pacific,Central California Agency,800 11th Street,Lakeport,California,95453,(707) 263-4220,(707) 263-4345,shawn.davis@sv-nsn.gov,https://www.scottsvalley-nsn.gov/,804 11th Street,Lakeport,California,95453,2023-09-01 00:00:00,2027-09-01 00:00:00,Election details contact Tribe or the Central California Agency.,,California,California-Great Basin,Region 8 - Pacific Southwest,California,Pacific West,Pacific,,Land Area Representation,-122.9219,39.04922,Tribal Office,Scotts Valley,,-13683602.4062,4728724.4965
Seldovia Village Tribe,,Tribe,,Crystal,,Collier,,,President/CEO,Alaska,Alaska Regional Office,206 Main Street,Seldovia,Alaska,99663,(907) 234-7898,(907) 234-7865,svt@svt.org; ccollier@svt.org,https://svt.org/,Drawer L,Seldovia,Alaska,99663,2024-02-08 00:00:00,2025-02-06 00:00:00,,Cook Inlet Region Inc.,Alaska,,Region 7 - Alaska,Northwest Boreal,Alaska,Alaska,Southcentral,Alaska Native Village,-151.712,59.43706,Tribal Office,Seldovia,,-16888501.5186,8275457.466
Seminole Tribe of Florida,,Tribe,,Marcellus,W.,Osceola,Jr.,,Chairman,Eastern,Seminole Agency,6300 Stirling Road,Hollywood,Florida,33024,(800) 683-7800,(954) 967-3463,Chairman@semtribe.com; karenbishop@semtribe.com,https://www.semtribe.com/,6300 Stirling Road,Hollywood,Florida,33024,2019-05-13 00:00:00,2023-05-11 00:00:00,,,Eastern States,,Region 4 - Southeast,Peninsular Florida,Southeast,Southeast,,Land Area Representation,-80.21559,26.04554,Tribal Office,Seminole,,-8929558.7917,3004722.5797
Seneca Nation of Indians,,Tribe,,J. Conrad,,Seneca,,,President,Eastern,Eastern Regional Office,12837 Route 438,Irving,New York,14081,(716) 532-4900,(716) 945-0150,,https://sni.org/,12837 Route 438,Irving,New York,14081,2024-11-01 00:00:00,2026-11-01 00:00:00,"Election are ever 2years in November, changes Reservations",,Eastern States,,Region 5 - Northeast,,Northeast,Northeast,,Land Area Representation,-78.75388,42.15677,Tribal Office,Seneca,,-8766841.3443,5184492.226
Seneca-Cayuga Nation,Seneca-Cayuga,Tribe,,Charles,,Diebold,,,Chief,Eastern Oklahoma,Miami Agency,23701 South 655 Road,Grove,Oklahoma,74344,(918) 787-5452,(918) 787-5521,cdiebold@sctribe.com,https://sctribe.com/,P.O. Box 453220,Grove,Oklahoma,74345,2024-06-01 00:00:00,2028-06-03 00:00:00,,,New Mexico,Missouri Basin,Region 2 - Southwest,Eastern Tallgrass Prairie and Big Rivers,Intermountain,Southwest,,Tribal Statistical Area,-94.70741,36.65961,Tribal Office,Seneca-Cayuga Nation,,-10542781.0845,4391766.0972
Shageluk Native Village,,Tribe,,Keith,,Workman,,,Chief,Alaska,Fairbanks Agency,210 Hamilton St,Shageluk,Alaska,99665,(907) 473-8239,(907) 473-8295,shagelukta@gmail.com,https://www.tananachiefs.org/about/communities/shageluk/,P.O. Box 35,Shageluk,Alaska,99665,,,,Doyon Ltd.,Alaska,,Region 7 - Alaska,Northwest Boreal,Alaska,Alaska,Western Interior,Alaska Native Village,-159.5315,62.65567,Tribal Office,Shageluk,,-17758968.0951,9016313.9923
Shakopee Mdewakanton Sioux Community of Minnesota,,Tribe,,Cole,,Miller,,,Chairman,Midwest,Midwest Regional Office,"2330 Sioux Trail, NW",Prior Lake,Minnesota,55372,(952) 445-8900,(952) 445-8906,Businesscouncil@shakopeedakota.org,https://shakopeedakota.org/,"2330 Sioux Trail, NW",Prior Lake,Minnesota,55372,2024-01-16 00:00:00,2028-01-18 00:00:00,"January, every 4 years",,Eastern States,,Region 3 - Midwest,Eastern Tallgrass Prairie and Big Rivers,Midwest,Midwest,,Land Area Representation,-93.47285,44.7364,Tribal Office,Shakopee,,-10405349.7288,5580118.1785
Shawnee Tribe,Shawnee,Tribe,,Benjamin,Joseph,Barnes,,,Chief,Eastern Oklahoma,Miami Agency,29 South Highway 69A,Miami,Oklahoma,74354,(918) 542-2441,(918) 542-2922,chief@shawnee-tribe.com,https://shawnee-nsn.gov/,P.O. Box 189,Miami,Oklahoma,74354,2023-09-16 00:00:00,2027-09-18 00:00:00,,,New Mexico,Missouri Basin,Region 2 - Southwest,Eastern Tallgrass Prairie and Big Rivers,Intermountain,Southwest,,Tribal Statistical Area,-94.8779,36.87583,Tribal Office,Shawnee Tribe,,-10561759.367,4421813.6666
Sherwood Valley Rancheria of Pomo Indians of California,Sherwood Valley Rancheria,Tribe,,Hazel,,Ramirez,,,Chairwoman,Pacific,Central California Agency,190 Sherwood Hill Drive,Willits,California,95490,(707) 459-9690,(707) 459-6936,svrchair@sbcglobal.net,https://www.sherwoodvalleybandofpomo.com/,190 Sherwood Hill Drive,Willits,California,95490,2021-03-09 00:00:00,2023-04-01 00:00:00,Election details contact the Tribe or the Central California Agency.,,California,California-Great Basin,Region 8 - Pacific Southwest,,Pacific West,Pacific,,Land Area Representation,-123.3617,39.39495,Tribal Office,Sherwood Valley,,-13732565.2453,4778403.8332
"Shingle Springs Band of Miwok Indians, Shingle Springs Rancheria (Verona Tract), California",Shingle Springs Rancheria,Tribe,,Regina,,Cuellar,,,Chairwoman,Pacific,Central California Agency,5281 Honpie Road,Placerville,California,95667,(530) 698-1400,(530) 387-8064,tribalchairperson@ssband.org,https://shinglespringsrancheria.com/,Post Office Box 1340,Shingle Springs,California,95682,2024-01-20 00:00:00,2027-01-20 00:00:00,Election details contact the Tribe or the Central California Agency.,,California,California-Great Basin,Region 8 - Pacific Southwest,California,Pacific West,Pacific,,Land Area Representation,-120.9019,38.69692,Tribal Office,Shingle Springs,,-13458742.3299,4678350.2639
Shinnecock Indian Nation,,Tribe,,Lisa,,"Goree, Lance Gumbs, Daniel Collins",,,Council of Trustees,Eastern,Eastern Regional Office,"100 Church Street, Community Center Shinnecock Reservation",Southampton,New York,11968,631-283-6143,631-283-0751,adminoffice@shinnecock.org; lisagoree@shinnecock.org,https://www.shinnecock-nsn.gov/,Shinnecock Indian Nation Tribal Office P.O. Box 5006,Southampton,New York,11969,2024-07-01 00:00:00,2025-04-01 00:00:00,Elections are every 2 years,,Eastern States,,Region 5 - Northeast,,Northeast,Northeast,,Federally Recognized Tribal Entity,-72.43015,40.87196,Tribal Office,Shinnecock,,-8062886.8884,4993474.052
Shoalwater Bay Indian Tribe of the Shoalwater Bay Indian Reservation,,Tribe,,Quintin,,Swanson,,,Chairman,Northwest,Olympic Peninsula Agency,2373 Old Tokeland Road,Tokeland,Washington,98590,(360) 267-6766,(360) 267-6778,qswanson@shoalwaterbay-nsn.gov,https://www.shoalwaterbay-nsn.gov/,P.O. Box 130,Tokeland,Washington,98590,2023-01-14 00:00:00,2027-01-09 00:00:00,"Annual, January, Second Saturday (Election Dates Vary)",,Oregon/Washington,Columbia-Pacific Northwest,Region 1 - Pacific,,Pacific West,Northwest,,Land Area Representation,-124.0164,46.72168,Tribal Office,Shoalwater,,-13805443.8176,5896763.1993
Shoshone-Bannock Tribes of the Fort Hall Reservation,,Tribe,,Donna,,Thompson,,,Chairman,Northwest,Fort Hall Agency,Agency Building 82 1 Pima Drive,Fort Hall,Idaho,83203,(208) 478-3700,(208) 237-0797,donna.thompson@sbtribes.com,https://www.sbtribes.com/,P.O. Box 306,Fort Hall,Idaho,83203,2025-06-27 00:00:00,2026-05-29 00:00:00,"Annual, May, Last Friday",,Idaho,Columbia-Pacific Northwest,Region 1 - Pacific,,Pacific West,Northwest,,Land Area Representation,-112.4334,43.02637,Tribal Office,Shoshone-Bannock,,-12516034.3029,5315986.6249
"Shoshone-Paiute Tribes of the Duck Valley Reservation, Nevada",,Tribe,,Brian,,Mason,,,Chairman,Western,Eastern Nevada Agency,1036 Idaho State Highway 51,Owyhee,Nevada,89832,(208) 759-3100,(208) 759-3103,mason.brian@shopai.org,https://shopaitribes.org/spt/,P.O. Box 219,Owyhee,Nevada,89832,,,,,Nevada,Columbia-Pacific Northwest,Region 8 - Pacific Southwest,,Pacific West,Pacific,,Land Area Representation,-116.1309,41.99757,Tribal Office,Shoshone-Paiute,,-12927629.8258,5160614.8826
"Sisseton-Wahpeton Oyate of the Lake Traverse Reservation, South Dakota",,Tribe,,J. Garret,,Renville,,,Tribal Chairman,Great Plains,Sisseton Agency,12554 BIA Highway 711,Agency Village,South Dakota,57262,(605) 698-3911,(605) 698-7907,Chairman@swo-nsn.gov,https://www.swo-nsn.gov/,P.O. Box 509,Agency Village,South Dakota,57262,11/2022,11/2024,,,Montana/Dakotas,Missouri Basin,Region 6 - Mountain-Prairie,,Midwest,Midwest,,Land Area Representation,-97.07043,45.56295,Tribal Office,Sisseton-Wahpeton,,-10805830.498,5710586.1643
Sitka Tribe of Alaska,,Tribe,,Yeidikook'aa Dionne,,Brady-Howard,,,Chairperson,Alaska,Alaska Regional Office,"204 Siginaka Way, Suite 300",Sitka,Alaska,99835,(907) 747-3207,(907) 747-4915,rob.allen@sitkatribe-nsn.gov; dionne.brady-howard@sitkatribe-nsn.gov,https://sitkatribe.org/,"204 Siginaka Way, Suite 300",Sitka,Alaska,99835,2024-12-01 00:00:00,2025-11-11 00:00:00,2 year term ends 11/30/2026; election listed as month/year.,Sealaska Corp.,Alaska,,Region 7 - Alaska,North Pacific,Alaska,Alaska,Southeast,Alaska Native Village,-135.3482,57.05696,Tribal Office,Sitka,,-15066894.2511,7771771.0408
Skagway Village,Skagway Traditional Council,Tribe,,Jaime,,Bricker,,,President,Alaska,Alaska Regional Office,11th and Broadway,Skagway,Alaska,99840,(907) 983-4068,N/A,info@skagwaytraditional.org; jbricker1@skagwaytraditional.org,https://www.skagwaytraditional.org/,P.O. Box 1157,Skagway,Alaska,99840,2024-09-01 00:00:00,2026-11-01 00:00:00,President's term ends 9/2027.,Sealaska Corp.,Alaska,,Region 7 - Alaska,North Pacific,Alaska,Alaska,Southeast,Alaska Native Village,-135.3089,59.45834,Tribal Office,Skagway,,-15062519.4285,8280117.2799
Skokomish Indian Tribe,,Tribe,,Charles,,Strong,,Tom,Chairman,Northwest,Puget Sound Agency,80 North Tribal Center Road,Shelton,Washington,98584,(360) 426-4232,(360) 877-5943,tstrong@skokomish.org,https://skokomish.org/,80 North Tribal Center Road,Shelton,Washington,98584,2026-06-05 00:00:00,2027-06-04 00:00:00,"Annual, June, First Saturday",,Oregon/Washington,Columbia-Pacific Northwest,Region 1 - Pacific,,Pacific West,Northwest,,Land Area Representation,-123.1456,47.32216,Tribal Office,Skokomish,,-13708509.6599,5994818.0422
Skull Valley Band of Goshute Indians of Utah,,Tribe,,,,,,,,Western,Uintah & Ouray Agency,1198 N. Main Street,Tooele,Utah,84029,(435) 831-4079,(435) 882-4889,,https://skullvalleygoshutes.com/,407 Skull Valley Road,Skull Valley,Utah,84029,,,Tribal leadership is unclear.,,Utah,Upper Colorado,Region 6 - Mountain-Prairie,,Intermountain,Southwest,,Land Area Representation,-112.297,40.55469,Tribal Office,Skull Valley,,-12500846.2268,4946878.9667
Snoqualmie Indian Tribe,,Tribe,,Robert,,de los Angeles,,Bob,Chairman,Northwest,Puget Sound Agency,9571 Ethan Wade Way SE,Snoqualmie,Washington,98065,(425) 888-6551,(425) 888-6727,bobde@snoqualmietribe.us,https://snoqualmietribe.us/,P.O. Box 969,Snoqualmie,Washington,98065,2018-05-12 00:00:00,2026-05-01 00:00:00,"Annual, May, (Chair Four Year Term)",,Oregon/Washington,Columbia-Pacific Northwest,Region 1 - Pacific,,Pacific West,Northwest,,Land Area Representation,-121.8258,47.51391,Tribal Office,Snoqualmie,,-13561586.656,6026364.1597
"Soboba Band of Luiseno Indians, California",,Tribe,,Isaiah,,Vivanco,,,Chairperson,Pacific,Southern California Agency,23906 Soboba Road,San Jacinto,California,92583,(951) 654-2765,(951) 654-4198,ivivanco@soboba-nsn.gov,https://www.soboba-nsn.gov/,P.O. Box 487,San Jacinto,California,92581,2020,,Election details contact Tribe or Southern California Agency.,,California,Lower Colorado,Region 8 - Pacific Southwest,California,Pacific West,Pacific,,Land Area Representation,-116.9115,33.77528,Tribal Office,Soboba,,-13014523.425,3998666.985
"Sokaogon Chippewa Community, Wisconsin",,Tribe,,Robert,,VanZile,Jr.,,Chairman,Midwest,Great Lakes Agency,3051 Sand Lake Road,Crandon,Wisconsin,54520,(715) 478-7500,(715) 478-5275,robert.vanzile@scc-nsn.gov,https://sokaogonchippewa.com/,3051 Sand Lake Road,Crandon,Wisconsin,54520,2023-11-07 00:00:00,2025-11-04 00:00:00,"November, each year",,Eastern States,,Region 3 - Midwest,,Midwest,Midwest,,Land Area Representation,-88.96473,45.48497,Tribal Office,Sokaogon,,-9903508.3654,5698195.9774
"Southern Ute Indian Tribe of the Southern Ute Reservation, Colorado",,Tribe,,Christine,,Sage,,,Chairwoman,Southwest,Southern Ute Agency,356 Ouray Drive,Ignacio,Colorado,81137,(970) 563-0100,(970) 563-0396,csage@southernute-nsn.gov,https://www.southernute-nsn.gov/,P.O. Box 737,Ignacio,Colorado,81137,,,,,Colorado,Upper Colorado,Region 6 - Mountain-Prairie,Southern Rockies,Intermountain,Southwest,,Land Area Representation,-107.6342,37.13184,Tribal Office,Southern Ute,,-11981786.9965,4457500.0485
"Spirit Lake Tribe, North Dakota",,Tribe,,Lonna,,Street,,,Chairperson,Great Plains,Fort Totten Agency,816 -  3rd Avenue North,Fort Totten,North Dakota,58335,(701) 381-2006,(701) 766-4126,Lstreet@spiritlakenation.com,https://www.spiritlakenation.com/,P.O. Box 359,Fort Totten,North Dakota,58335,05/2023,05/2027,,,Montana/Dakotas,Missouri Basin,Region 6 - Mountain-Prairie,,Midwest,Midwest,,Land Area Representation,-98.99403,47.9847,Tribal Office,Spirit Lake,,-11019965.4347,6104309.1372
Spokane Tribe of the Spokane Reservation,,Tribe,,Greg,,Abrahamson,,,Chairman,Northwest,Spokane Agency,6195 Ford-Wellpinit  Road,Wellpinit,Washington,99040,(509) 458-6500,(509) 458-6553,grega@spokanetribe.com,https://www.spokanetribe.com/,P.O. Box 100,Wellpinit,Washington,99040,2023-06-01 00:00:00,2026-06-06 00:00:00,"Annual, June, First Saturday",,Oregon/Washington,Columbia-Pacific Northwest,Region 1 - Pacific,,Pacific West,Northwest,,Land Area Representation,-117.9903,47.88664,Tribal Office,Spokane,,-13134620.4485,6088016.2217
Squaxin Island Tribe of the Squaxin Island Reservation,,Tribe,,Kristopher,,Peters,,,Chairman,Northwest,Olympic Peninsula Agency,10 SE Squaxin Lane,Shelton,Washington,98584,(360) 426-9781,(360) 426-6577,kpeters@squaxin.us,https://squaxinisland.org/,10 SE Squaxin Lane,Shelton,Washington,98584,2020-07-27 00:00:00,2027-05-01 00:00:00,"Annual, May, First Saturday (Chair Three Year Term)",,Oregon/Washington,Columbia-Pacific Northwest,Region 1 - Pacific,,Pacific West,Northwest,,Land Area Representation,-123.0801,47.12182,Tribal Office,Squaxin,,-13701214.1701,5961980.6759
St. Croix Chippewa Indians of Wisconsin,,Tribe,,Conrad,,St. John,,,Chairman,Midwest,Great Lakes Agency,24663 Angeline Avenue,Webster,Wisconsin,54893,(715) 349-2195,(715) 349-5768,thomasf@stcroixojibwe-nsn.gov,https://stcroixojibwe-nsn.gov/,24663 Angeline Avenue,Webster,Wisconsin,54893,2023-06-10 00:00:00,2025-06-14 00:00:00,"2nd Saturday in June, every 2 years (odd numbered)",,Eastern States,,Region 3 - Midwest,,Midwest,Midwest,,Land Area Representation,-92.20528,45.80948,Tribal Office,St. Croix,,-10264244.4273,5749871.0551
St. George Island (See Pribilof Islands Aleut Communities of St. Paul & St. George Islands),Pribilof Islands Aleut Communities,Tribe,,Darlene,,Lekanof,,,President,Alaska,Alaska Regional Office,,,Alaska,,(907) 859-2205/2206,(907) 859-2242,admin@stgtribe.com,,P.O. Box 940,St. George Island,Alaska,99591,2022-10-01 00:00:00,2024-10-31 00:00:00,1 year term,The Aleut Corp.,Alaska,,Region 7 - Alaska,Aleutian and Bering Sea Islands,Alaska,Alaska,Kodiak/Aleutians,Alaska Native Village,-169.5461,56.60223,City Center,St. George,,-18873787.0431,7679249.8656
Standing Rock Sioux Tribe of North & South Dakota,,Tribe,,Steve,,Sitting Bear,,,Chairperson,Great Plains,Standing Rock Agency,Bldg #1 N Standing Rock Ave,Fort Yates,North Dakota,58538,(701) 854-8505,(701) 854-8595,steve.sittingbear@standingrock.org,https://www.standingrock.org/,P.O. Box D,Fort Yates,North Dakota,58538,11/2021,11/2025,,,Montana/Dakotas,Missouri Basin,Region 6 - Mountain-Prairie,,Midwest,Midwest,,Land Area Representation,-100.6279,46.0941,Tribal Office,Standing Rock,,-11201846.4985,5795441.1965
Stebbins Community Association,,Tribe,,Nora,C.,Tom,,,President,Alaska,Fairbanks Agency,"731 Uphill Drive, #8",Stebbins,Alaska,99671,(907) 934-2393,(907) 934-3560,tc.wbb@kawerak.org,https://kawerak.org/our-region/stebbins/,P.O. Box 71002,Stebbins,Alaska,99671,2025-04-01 00:00:00,2026-12-17 00:00:00,Four Year Term ends 2028.,Bering Straits Native Corp.,Alaska,,Region 7 - Alaska,Western Alaska,Alaska,Alaska,Seward Peninsula,Alaska Native Village,-162.2825,63.5233,Tribal Office,Stebbins,,-18065204.1515,9229730.7339
Stillaguamish Tribe of Indians of Washington,,Tribe,,Eric,,White,,,Chairman,Northwest,Puget Sound Agency,3322 236th Street NE,Arlington,Washington,98223,(360) 652-7362,(360) 659-3113,ewhite@stillaguamish.com,https://www.stillaguamish.com/,P.O. Box 277,Arlington,Washington,98223,2021-09-30 00:00:00,2026-05-16 00:00:00,"Annual, May, Third Saturday",,Oregon/Washington,Columbia-Pacific Northwest,Region 1 - Pacific,,Pacific West,Northwest,,Land Area Representation,-122.1844,48.20947,Tribal Office,Stillaguamish,,-13601501.2168,6141773.367
"Stockbridge Munsee Community, Wisconsin",,Tribe,,Shannon,,Holsey,,,President,Midwest,Great Lakes Agency,N8476 Mo He Con Nuck Road,Bowler,Wisconsin,54416,(715) 793-4111,(715) 793-1307,shannon.holsey@mohican-nsn.gov,https://mohican-nsn.gov/,N8476 Mo He Con Nuck Road,Bowler,Wisconsin,54416,2023-10-14 00:00:00,2025-10-11 00:00:00,"2nd Saturday in October, each year",,Eastern States,,Region 3 - Midwest,,Midwest,Midwest,,Land Area Representation,-88.9403,44.89808,Tribal Office,Stockbridge,,-9900788.9059,5605489.7437
Summit Lake Paiute Tribe of Nevada,,Tribe,,Randi,,Lone Eagle,,,Chairwoman,Western,Western Nevada Agency,2255 Green Vista Drive STE 402,Sparks,Nevada,89431,(775) 827-9670,(775) 827-9678,randi.loneeagle@SLPTNV.org,https://www.summitlaketribe.org/,2255 Green Vista Drive STE 402,Sparks,Nevada,89431,,,,,Nevada,California-Great Basin,Region 8 - Pacific Southwest,,Pacific West,Pacific,,Land Area Representation,-119.7738,39.5591,Tribal Office,Summit Lake,,-13333154.597,4802077.9414
Sun'aq Tribe of Kodiak,Shoonaq' Tribe of Kodiak,Tribe,,Christopher,,Pruitt,,,Chairperson,Alaska,Alaska Regional Office,312 W Marine Way,Kodiak,Alaska,99615,(907) 531-5009,(907) 486-3361,sunaqinfo@sunaq.org; tlmarsh@sunaq.org,https://www.sunaq.org/,312 West Marine Way,Kodiak,Alaska,99615,2025-12-07 00:00:00,2028-12-07 00:00:00,3 year term,Koniag Inc.,Alaska,,Region 7 - Alaska,Western Alaska,Alaska,Alaska,Kodiak/Aleutians,Alaska Native Village,-152.4067,57.78785,Tribal Office,Sun'aq,,-16965835.4026,7922882.745
Suquamish Indian Tribe of the Port Madison Reservation,,Tribe,,Leonard,,Forsman,,,Chairman,Northwest,Puget Sound Agency,18490 Suquamish Way,Suquamish,Washington,98392,(360) 598-3311,(360) 598-3135,lforsman@suquamish.nsn.us,https://suquamish.nsn.us/,P.O. Box 498,Suquamish,Washington,98392,2014-03-16 00:00:00,2027-03-21 00:00:00,"Annual, March, Third Sunday (Chair Three Year Term)",,Oregon/Washington,Columbia-Pacific Northwest,Region 1 - Pacific,,Pacific West,Northwest,,Land Area Representation,-122.5586,47.7287,Tribal Office,Suquamish,,-13643163.6494,6061838.0674
"Susanville Indian Rancheria, California",,Tribe,,Arian,,Hart,,,Chairperson,Pacific,Pacific Regional Office,745 Joaquin Street,Susanville,California,96130,(530) 257-6264,(530) 257-7986,ahart@sir-nsn.gov,https://www.sir-nsn.gov/,745 Joaquin Street,Susanville,California,96130,2021-11-06 00:00:00,2024-11-06 00:00:00,Next election date TBD by Tribe.,,California,California-Great Basin,Region 8 - Pacific Southwest,,Pacific West,Pacific,,Land Area Representation,-120.6567,40.42656,Tribal Office,Susanville,,-13431447.5144,4928124.2949
Swinomish Indian Tribal Community,,Tribe,,Steve,,Edwards,,,Chairman,Northwest,Puget Sound Agency,11404 Moorage Way,LaConner,Washington,98257,(360) 466-3163,(360) 466-5309,sedwards@swinomish.nsn.us,https://www.swinomish-nsn.gov/,11404 Moorage Way,LaConner,Washington,98257,2020-02-23 00:00:00,2027-02-14 00:00:00,"Annual, February, Second Sunday",,Oregon/Washington,Columbia-Pacific Northwest,Region 1 - Pacific,,Pacific West,Northwest,,Land Area Representation,-122.5016,48.38992,Tribal Office,Swinomish,,-13636821.0656,6171970.4005
Sycuan Band of the Kumeyaay Nation,Sycuan Reservation,Tribe,,Cody,,Martinez,,,Chairman,Pacific,Southern California Agency,1 Kwaaypaay Court,El Cajon,California,92019,(619) 445-2613,(619) 445-1927,"emartinez@sycuan-nsn.gov , cmartinez@sycuan-nsn.gov",https://sycuantribe.com/,1 Kwaaypaay Court,El Cajon,California,92019,,,Election details contact Tribe or Southern California Agency.,,California,Lower Colorado,Region 8 - Pacific Southwest,California,Pacific West,Pacific,,Land Area Representation,-116.8282,32.78858,Tribal Office,Sycuan,,-13005256.725,3867274.7395
Table Mountain Rancheria,,Tribe,,Michelle,,Heredia-Cordova,,,Chairperson,Pacific,Central California Agency,23736 Sky Harbour Road,Friant,California,93626,(559) 822-2587,(559) 822-2693,mhcordova@tmr.org,https://caltribalfamilies.org/places/table-mountain-rancheria/,P.O. Box 410,Friant,California,93626,,,Chairperson appointed. Specific information and Election details contact the Tribe or the Central California Agency.,,California,California-Great Basin,Region 8 - Pacific Southwest,California,Pacific West,Pacific,,Land Area Representation,-119.6403,36.9926,Tribal Office,Table Mountain,,-13318293.534,4438074.7694
Takotna Village,,Tribe,,Thomas,S.,Abraham,,,First Chief,Alaska,Fairbanks Agency,1 Riverside Rd,Takotna,Alaska,99675,(907) 298-2212,(907) 298-2314,takotnatribalcouncil@gmail.com,https://www.tananachiefs.org/about/communities/takotna/,P.O. 7529,Takotna,Alaska,99675,2021-12-22 00:00:00,2025-08-01 00:00:00,Election listed as month/year.,Doyon Ltd.,Alaska,,Region 7 - Alaska,Northwest Boreal,Alaska,Alaska,Western Interior,Alaska Native Village,-156.0667,62.98783,Tribal Office,Takotna,,-17373270.2381,9097267.692
Tangirnaq Native Village,Lesnoi Village (aka Woody Island),Tribe,,Debbie,,Lukin,,,President,Alaska,Alaska Regional Office,"218 Center Avenue, Suite C",Kodiak,Alaska,99615,(907) 290-8826,(907) 486-4829,info@woodyisland.com,https://www.woodyisland.com/,"218 Center Avenue, Suite C",Kodiak,Alaska,99615,2025-06-07 00:00:00,2026-06-04 00:00:00,President's three year term ends 6/8/2028.,Koniag Inc.,Alaska,,Region 7 - Alaska,Western Alaska,Alaska,Alaska,Kodiak/Aleutians,Alaska Native Village,-152.4062,57.78854,Tribal Office,Tangirnaq,,-16965780.4553,7923025.9472
Te-Moak Tribe of Western Shoshone Indians of Nevada (Battle Mountain Band),,"Affiliate (band, community, village, island, etc...)",,Evan,,Jim,,,Chairman,Western,Eastern Nevada Agency,,,,,,,,https://www.temoaktribe.com/index.shtml,,,,,,,,,Nevada,California-Great Basin,Region 8 - Pacific Southwest,,Pacific West,Pacific,,Land Area Representation,-115.7596,40.83465,Tribal Office,Battle,,-12886295.2737,4987983.0839
Te-Moak Tribe of Western Shoshone Indians of Nevada (Elko Band),,"Affiliate (band, community, village, island, etc...)",,Raquel,,Yepez,,,Chairwoman,Western,Eastern Nevada Agency,,,,,,,,https://www.temoaktribe.com/index.shtml,,,,,,,,,Nevada,California-Great Basin,Region 8 - Pacific Southwest,,Pacific West,Pacific,,Land Area Representation,-115.7596,40.83465,Tribal Office,Elko,,-12886295.2737,4987983.0839
Te-Moak Tribe of Western Shoshone Indians of Nevada (Four constituent bands: Battle Mountain Band; Elko Band; South Fork Band; and Wells Band),,Tribe,,Suzanna,,Sandoval,,,Chairperson,Western,Eastern Nevada Agency,2719-9 Argent Avenue,Elko,Nevada,89801,(775) 738-6111,(775) 738-7794,s.sandoval.chairman@temoaktribe.org,https://www.temoaktribe.com/index.shtml,2719-9 Argent Avenue,Elko,Nevada,89801,2025-12-22 00:00:00,,,,Nevada,California-Great Basin,Region 8 - Pacific Southwest,,Pacific West,Pacific,,Land Area Representation,-115.7596,40.83465,Tribal Office,Te-Moak,,-12886295.2737,4987983.0839
Te-Moak Tribe of Western Shoshone Indians of Nevada (South Fork Band),,"Affiliate (band, community, village, island, etc...)",,Ronnie,,Woods,,,Chairman,Western,Eastern Nevada Agency,,,,,,,,https://www.temoaktribe.com/index.shtml,,,,,,,,,Nevada,California-Great Basin,Region 8 - Pacific Southwest,,Pacific West,Pacific,,Land Area Representation,-115.7596,40.83465,Tribal Office,South Fork,,-12886295.2737,4987983.0839
Te-Moak Tribe of Western Shoshone Indians of Nevada (Wells Band),,"Affiliate (band, community, village, island, etc...)",,Casey,,Franco,,,Chairperson,Western,Eastern Nevada Agency,,,,,,,,https://www.temoaktribe.com/index.shtml,,,,,,,,,Nevada,California-Great Basin,Region 8 - Pacific Southwest,,Pacific West,Pacific,,Land Area Representation,-115.7596,40.83465,Tribal Office,Wells,,-12886295.2737,4987983.0839
Tejon Indian Tribe,,Tribe,,Octavio,,Escobedo,III,,Chairperson,Pacific,Central California Agency,4941 David Road,Bakersfield,California,93307,(661) 834-8566,(661) 834-8564,office@tejonindiantribe-nsn.gov,https://www.tejonindiantribe.com/,Post Office Box 640,Arvin,California,93203,2026-05-17 00:00:00,2030-05-17 00:00:00,Election details contact the Tribe or the Central California Agency.,,California,California-Great Basin,Region 8 - Pacific Southwest,California,Pacific West,Pacific,,Federally Recognized Tribal Entity,-118.9162,35.09257,Tribal Office,Tejon,,-13237685.5991,4176468.3353
Telida Village,,Tribe,,Oline,,Ticknor,,,First Chief,Alaska,Fairbanks Agency,,Telida,Alaska,89801,(907) 864-0629,,kuskoyim@aol.com,https://www.tananachiefs.org/about/communities/telida/,P.O. Box 9104,Nikolai,Alaska,99691,,,,Doyon Ltd.,Alaska,,Region 7 - Alaska,Western Alaska,Alaska,Alaska,Western Interior,Alaska Native Village,-153.2807,63.38292,City Center,Telida,,-17063126.4445,9194766.9201
The Chickasaw Nation,Chickasaw,Tribe,,Chris,,Anoatubby,,,Governor,Eastern Oklahoma,Chickasaw Agency,520 East Arlington,Ada,Oklahoma,74820,(580) 436-2603,(580) 436-4287,chris.anoatubby@chickasaw.net,https://www.chickasaw.net/,P.O. Box 1548,Ada,Oklahoma,74821,2026-06-26 00:00:00,2027-07-27 00:00:00,,,New Mexico,Missouri Basin,Region 2 - Southwest,Eastern Tallgrass Prairie and Big Rivers,Intermountain,Southwest,,Tribal Statistical Area,-96.67108,34.78307,Tribal Office,The Chickasaw Nation,,-10761375.5715,4134440.1085
The Choctaw Nation of Oklahoma,Choctaw Nation,Tribe,,Gary,,Batton,,,Chief,Eastern Oklahoma,Talihina Agency,1802 Chukka Hina,Durant,Oklahoma,74701,(580) 924-8280,(580) 924-1150,gbatton@choctawnation.com,https://www.choctawnation.com/,P.O. Box 1210,Durant,Oklahoma,74702,2023-07-08 00:00:00,2027-07-10 00:00:00,,,New Mexico,Missouri Basin,Region 2 - Southwest,Eastern Tallgrass Prairie and Big Rivers,Intermountain,Southwest,,Tribal Statistical Area,-96.39864,33.97371,Tribal Office,The Choctaw Nation of Oklahoma,,-10731047.0571,4025271.8353
The Muscogee (Creek) Nation,"Muscogee Nation, Creek Nation and MCN",Tribe,,David,,Hill,,,Principal Chief,Eastern Oklahoma,Okmulgee Agency,Hwy. 75 & Loop 56,Muskogee,Oklahoma,74447,(800) 482-1979,(918) 756-2911,dhill@mcn-nsn.gov,https://www.muscogeenation.com/,P.O. Box 580,Okmulgee,Oklahoma,74447,2023-09-16 00:00:00,2027-09-18 00:00:00,,,New Mexico,Missouri Basin,Region 2 - Southwest,Eastern Tallgrass Prairie and Big Rivers,Intermountain,Southwest,,Tribal Statistical Area,-95.96075,35.62374,Tribal Office,The Muscogee (Creek) Nation,,-10682302.3148,4248972.003
The Osage Nation,Osage Nation,Tribe,,Joe,,Tillman,,,Principal Chief,Eastern Oklahoma,Osage Agency,627 Grandview,Pawhuska,Oklahoma,74056,(918) 287-5555,(918) 287-5562,Joe.Tillman@osagenation-nsn.gov,https://www.osagenation-nsn.gov/,P.O. Box 779,Pawhuska,Oklahoma,74056,2026-06-01 00:00:00,2030-06-03 00:00:00,,,New Mexico,Missouri Basin,Region 2 - Southwest,Eastern Tallgrass Prairie and Big Rivers,Intermountain,Southwest,,Tribal Statistical Area,-96.34058,36.66609,Tribal Office,The Osage Nation,,-10724584.7313,4392665.9438
The Seminole Nation of Oklahoma,Seminole Nation,Tribe,,Sena,M.,Yesslith,,,Principal Chief,Eastern Oklahoma,Wewoka Agency,36645 US-270,Wewoka,Oklahoma,74884,(405) 257-7200,(405) 257-7209,chief@sno-nsn.gov,https://www.sno-nsn.gov/,P.O. Box 1498,Wewoka,Oklahoma,74884,2025-08-09 00:00:00,2029-07-14 00:00:00,,,New Mexico,Missouri Basin,Region 2 - Southwest,,Intermountain,Southwest,,Tribal Statistical Area,-96.48902,35.12786,Tribal Office,The Seminole Nation  of Oklahoma,,-10741108.7183,4181271.07
Thlopthlocco Tribal Town,Thlopthlocco Tribal Town,Tribe,,*Brent Brown/Nathan Anderson/Brent Smith,,,,,*Town King (Subject to Tribal Leadership Dispute),Eastern Oklahoma,Okmulgee Agency,109009 N. 3830 Rd.,Okemah,Oklahoma,74859,(866) 988-8696,(918) 560-6196,,https://tttown.org/,P.O. Box 188,Okemah,Oklahoma,74859,,TBD,Internal tribal leadership dispute continues.  IBIA case filed in March 2026.,,New Mexico,Missouri Basin,Region 2 - Southwest,,Intermountain,Southwest,,Federally Recognized Tribal Entity,-96.19445,35.43462,Tribal Office,Thlopthlocco Tribal Town,,-10708317.2334,4223102.2359
"Three Affiliated Tribes of the Fort Berthold Reservation, North Dakota",,Tribe,,Mark,,Fox,,,Chairman,Great Plains,Fort Berthold Agency,307 5th Avenue,New Town,North Dakota,58763,(701) 627-4781,(701) 627-3503,Chairmanfox@mhanation.com,https://www.mhanation.com/,404 Frontage Road,New Town,North Dakota,58763,2018-11-06 00:00:00,2022-11-06 00:00:00,,,Montana/Dakotas,Missouri Basin,Region 6 - Mountain-Prairie,,Midwest,Midwest,,Land Area Representation,-102.5816,47.97916,Tribal Office,Three Affiliated,,-11419325.9776,6103388.553
Timbisha Shoshone Tribe,Timbi-sha Reservation,Tribe,,Margaret,,Cortez,,,Chairperson,Pacific,Central California Agency,621 W Line St #109,Bishop,California,93514,(760) 872-3614,(760) 872-3670,"administrator@timbisha.com , one_mug@yahoo.com",https://timbisha.com/newsite/,"621 West Line Street, Suite 109",Bishop,California,93514,2020-11-01 00:00:00,2026-01-01 00:00:00,,,California,Lower Colorado,Region 8 - Pacific Southwest,,Pacific West,Pacific,,Land Area Representation,-118.4011,37.36195,Tribal Office,Timbi-sha Shoshone,,-13180347.6344,4489678.7413
Tohono O'odham Nation of Arizona,,Tribe,,Verlon,,Jose,,,Chairman,Western,Tohono O'odham Agency,Tohono O'odham Nation Main Tribal Business Loop,Sells,Arizona,85634,(520) 383-2028,(520) 383-3379,verlon.jose@tonation-nsn.gov,https://www.tonation-nsn.gov/,P.O. Box 837,Sells,Arizona,85634,,,,,Arizona,Lower Colorado,Region 2 - Southwest,,Intermountain,Southwest,,Land Area Representation,-111.8818,31.91486,Tribal Office,Tohono O'odham,,-12454628.1554,3752139.3306
Tolowa Dee-ni' Nation,Smith River Rancheria,Tribe,,Debbie,,Boardman,,,Chairperson,Pacific,Pacific Regional Office,12801 Mouth of Smith River Road,Smith River,California,95567,(707) 487-9255,(707) 487-0930,troy.ralstin@tolowa.com,https://www.tolowa.gov/,12801 Mouth of Smith River Road,Smith River,California,95567,2021-05-15 00:00:00,2024-05-15 00:00:00,,,California,California-Great Basin,Region 8 - Pacific Southwest,,Pacific West,Pacific,,Land Area Representation,-124.2026,41.95268,Tribal Office,Tolowa Dee-ni',,-13826170.8774,5153894.1452
Tonawanda Band of Seneca,,Tribe,,Roger,,Hill,,,Chief,Eastern,Eastern Regional Office,7027 Meadville Road,Basom,New York,14013,(716) 542-4244,(716) 542-4008,toseneca@aol.com,,7027 Meadville Road,Basom,New York,14013,,,,,Eastern States,,Region 5 - Northeast,,Northeast,Northeast,,Land Area Representation,-78.44352,43.07318,Tribal Office,Tonawanda,,-8732292.6568,5323117.9882
Tonkawa Tribe of Indians of Oklahoma,,Tribe,,Russell,,Martin,,,President,Southern Plains,Pawnee Agency,1 Rush Buffalo Road,Tonkawa,Oklahoma,74653,(580) 628-2561,(580) 628-3375,rmartin@tonkawatribe.com,https://tonkawatribe.com/,1 Rush Buffalo Road,Tonkawa,Oklahoma,74653,2023-04-01 00:00:00,2027-04-03 00:00:00,,,New Mexico,Missouri Basin,Region 2 - Southwest,,Intermountain,Southwest,,Tribal Statistical Area,-97.26544,36.66654,Tribal Office,Tonkawa,,-10827539.463,4392728.413
Tonto Apache Tribe of Arizona,,Tribe,,Calvin,,Johnson,,,Chairman,Western,Truxton Canon Agency,Tonto Apache Reservation #30,Payson,Arizona,85541,(928) 474-5000,(928) 474-9125,cjohnson@tontoapache.org,https://itcaonline.com/member-tribes/tonto-apache-tribe/,Tonto Apache Reservation #30,Payson,Arizona,85541,,,,,Arizona,Lower Colorado,Region 2 - Southwest,,Intermountain,Southwest,,Land Area Representation,-111.3276,34.21918,Tribal Office,Tonto Apache,,-12392932.4334,4058270.7946
"Torres Martinez Desert Cahuilla Indians, California",Torres Martinez Reservation,Tribe,,Joseph,,Mirelez,,,Chairman,Pacific,Southern California Agency,66725 Martinez Road,Thermal,California,92274,(760) 397-0300,(760) 397-8300,,https://torresmartinez.org/,P.O. Box 1160,Thermal,California,92274,2020-12-01 00:00:00,2024-12-01 00:00:00,Election details contact Tribe or Southern California Agency.,,California,Lower Colorado,Region 8 - Pacific Southwest,,Pacific West,Pacific,,Land Area Representation,-116.1541,33.56147,Tribal Office,Torres Martinez,,-12930217.6478,3970068.5595
Traditional Village of Togiak,,Tribe,,Anecia,,Krtiz,,,President,Alaska,Alaska Regional Office,310 Main St,Togiak,Alaska,99678,(907) 493-5003,(907) 493-5005,james.active@bbna.com,,P.O. Box 310,Togiak,Alaska,99678,2024-11-30 00:00:00,2025-11-01 00:00:00,Three year term.,Bristol Bay Native Corp.,Alaska,,Region 7 - Alaska,Western Alaska,Alaska,Alaska,Bristol Bay,Alaska Native Village,-160.3803,59.05915,Tribal Office,Togiak,,-17853451.0472,8193183.4448
Tulalip Tribes of Washington,,Tribe,,Hazen,,Shopbell,,,Chairman,Northwest,Puget Sound Agency,6406 Marine Drive,Tulalip,Washington,98271,(360) 716-4000,(360) 716-0606,hshopbell@tulaliptribes-nsn.gov,https://www.tulaliptribes-nsn.gov/,6406 Marine Drive,Tulalip,Washington,98271,2019-03-16 00:00:00,2027-03-20 00:00:00,"Annual, March, Third Saturday (Chair, Annual)",,Oregon/Washington,Columbia-Pacific Northwest,Region 1 - Pacific,,Pacific West,Northwest,,Land Area Representation,-122.2585,48.05466,Tribal Office,Tulalip,,-13609758.9634,6115953.2667
"Tule River Indian Tribe of the Tule River Reservation, California",Tule River Reservation,Tribe,,Neil,,Peyron,,,Chairman,Pacific,Central California Agency,340 North Reservation Road,Porterville,California,93257,(559) 781-4271,(559) 781-4610,neil.peyron@tulerivertribe-nsn.gov,https://tulerivertribe-nsn.gov/,P.O. Box 589,Porterville,California,93257,2024-01-20 00:00:00,2026-01-01 00:00:00,Election details contact the Tribe or the Central California Agency.,,California,California-Great Basin,Region 8 - Pacific Southwest,California,Pacific West,Pacific,,Land Area Representation,-118.7973,36.02676,Tribal Office,Tule River,,-13224457.7377,4304304.6714
Tuluksak Native Community,,Tribe,,Mike,,Lott,,,President,Alaska,Alaska Regional Office,23 Tuluksak Height Subdivision,Tuluksak,Alaska,99679,(907) 695-6420,(907) 695-6932,tuluksak99679@gmail.com,,P.O. Box 95,Tuluksak,Alaska,99679,2023-11-07 00:00:00,2026-11-01 00:00:00,3 year term; election listed as month/year.,Calista Corp.,Alaska,,Region 7 - Alaska,Western Alaska,Alaska,Alaska,Yukon-Kuskokwim Delta,Alaska Native Village,-160.9591,61.09976,Tribal Office,Tuluksak,,-17917883.1247,8648765.0236
Tunica-Biloxi Indian Tribe,,Tribe,,Marshall,,Pierite,,,Chairman,Eastern,Eastern Regional Office,150 Melacon Drive,Marksville,Louisiana,71351,(318) 253-9767,(318) 253-9791,msampson@paragoncasinoresort.com; mpierite@tunica.org,https://www.tunicabiloxi.org/,P.O. Box 1589,Marksville,Louisiana,71351,2018-04-06 00:00:00,2022-04-01 00:00:00,Elections every 4 years -,,Eastern States,,Region 4 - Southeast,,Southeast,Southeast,,Land Area Representation,-92.06297,31.11056,Tribal Office,Tunica-Biloxi,,-10248403.2775,3647115.4859
Tuolumne Band of Me-Wuk Indians of the Tuolumne Rancheria of California,Tuolumne Rancheria,Tribe,,Kevin,,Day,,,Chairman,Pacific,Central California Agency,19595 Mi-wu Street,Tuolumne,California,95379,(209) 928-5300,(209) 928-1677,kday@mewuk.com,https://mewuk.com//,P.O. Box 699,Tuolumne,California,95379,2024-11-15 00:00:00,2025-11-01 00:00:00,Election details contact Tribe or Central California Agency.,,California,California-Great Basin,Region 8 - Pacific Southwest,California,Pacific West,Pacific,,Land Area Representation,-120.2392,37.97997,Tribal Office,Tuolumne,,-13384967.8532,4576597.033
Turtle Mountain Band of Chippewa Indians of North Dakota,,Tribe,,Jamie,,Azure,,,Chairman,Great Plains,Turtle Mountain Agency,4180 Highway 281,Belcourt,North Dakota,58316,(701) 477-2673,(701) 477-8768,jamie.azure@tmbci.org,https://tmchippewa.com/,P.O. Box 900,Belcourt,North Dakota,58316,2020-11-06 00:00:00,2022-11-06 00:00:00,,,Montana/Dakotas,Missouri Basin,Region 6 - Mountain-Prairie,,Midwest,Midwest,,Land Area Representation,-99.79501,48.81942,Tribal Office,Turtle Mountain,,-11109129.2294,6244275.4399
Tuscarora Nation,,Tribe,,Tom,,"Jonathan, Brennen Ferguson",,,Chief's,Eastern,Eastern Regional Office,5226 Walmore Road,Via Lewistown,New York,14092,(716) 264-6007 x110,,Info@tuscaroranation.org,,5226 Walmore Road,Lewistown,New York,14092,,,"No elections, updated May 2026 with 2nd Chief.",,Eastern States,,Region 5 - Northeast,,Northeast,Northeast,,Land Area Representation,-78.94199,43.15868,Tribal Office,Tuscarora,,-8787782.542,5336155.8279
Twenty-Nine Palms Band of Mission Indians of California,Twenty-Nine Palms Reservation,Tribe,,Darrell,,Mike,,,Chairman,Pacific,Southern California Agency,46-200 Harrison Place,Coachella,California,92236,(760) 863-2444,(760) 863-2449,admin@29palmsbomi-nsn.gov,https://www.29palmstribe.org/,46-200 Harrison Place,Coachella,California,92236,2024-01-01 00:00:00,2026-01-01 00:00:00,Election details contact Tribe or Southern California Agency.,,California,Lower Colorado,Region 8 - Pacific Southwest,,Pacific West,Pacific,,Land Area Representation,-116.184,33.71252,Tribal Office,Twenty-Nine Palms,,-12933546.056,3990265.578
Twin Hills Village,,Tribe,,John,W.,Sharp,,,President,Alaska,Alaska Regional Office,104 Aurora St,Twin Hills,Alaska,99678,(907) 525-4821,(907) 525-4822,beverly.cano@bbna.com; piipital@hotmail.com,,P.O. Box 4061,Twin Hills,Alaska,99576,2022-10-02 00:00:00,2024-10-31 00:00:00,"Election listed as month and year, 2 yr term",Bristol Bay Native Corp.,Alaska,,Region 7 - Alaska,Western Alaska,Alaska,Alaska,Bristol Bay,Alaska Native Village,-160.2803,59.07638,Tribal Office,Twin Hills,,-17842325.2207,8196913.4186
Ugashik Village,Ugashik Traditional Village,Tribe,,Fred,,Matsuno,,,President,Alaska,Alaska Regional Office,"2525 Blueberry Road, Suite 205",Anchorage,Alaska,99503,(907) 338-7611,(907) 338-7659,info@ugashikvillage.com; manager@ugashikvillage.com,http://www.ugashikvillage.com,"2525 Blueberry Road, Suite 205",Anchorage,Alaska,99503,2023-06-01 00:00:00,2026-06-01 00:00:00,3 year term,Bristol Bay Native Corp.,Alaska,,Region 7 - Alaska,Western Alaska,Alaska,Alaska,Bristol Bay,Alaska Native Village,-149.8911,61.19725,Tribal Office,Ugashik,,-16685804.099,8671257.0181
Umkumiut Native Village,,Tribe,,Noah,I,Agnus,,,President,Alaska,Alaska Regional Office,93 Changtak Street,Nightmute,Alaska,99690,(907) 647-6145,(907) 647-6146,umkumiut25@gmail.com,,P.O. Box 90062,Nightmute,Alaska,99690,2024-09-27 00:00:00,2025-10-10 00:00:00,President's term ends 2028.,Calista Corp.,Alaska,,Region 7 - Alaska,Western Alaska,Alaska,Alaska,Yukon-Kuskokwim Delta,Alaska Native Village,-164.7275,60.47914,Tribal Office,Umkumiut,,-18337382.544,8507194.4488
United Auburn Indian Community of the Auburn Rancheria of California,Auburn Rancheria,Tribe,,John,,Williams,,,Chairman,Pacific,Central California Agency,10720 Indian Hill Road,Auburn,California,95603,(530) 883-2390,(530) 883-2380,mail@elmets.com,https://auburnrancheria.com/,10720 Indian Hill Road,Auburn,California,95603,2025-01-01 00:00:00,2026-01-01 00:00:00,Election details contact the Tribe or the Central California Agency.,,California,California-Great Basin,Region 8 - Pacific Southwest,California,Pacific West,Pacific,,Land Area Representation,-121.0919,38.87189,Tribal Office,United Auburn,,-13479891.6083,4703337.0932
United Keetoowah Band of Cherokee Indians in Oklahoma,UKB,Tribe,,Jeffrey,,Wacoche,,,Chief,Eastern Oklahoma,Eastern Oklahoma Regional Office,18300 W. Keetoowah Circle,Tahlequah,Oklahoma,74464,(918) 871-2800,(918) 414-4099,jwacoche@ukb-nsn.gov,https://www.ukb-nsn.gov/,P.O. Box 746,Tahlequah,Oklahoma,74465,2024-11-04 00:00:00,2028-11-06 00:00:00,,,New Mexico,Missouri Basin,Region 2 - Southwest,Eastern Tallgrass Prairie and Big Rivers,Intermountain,Southwest,,Federally Recognized Tribal Entity,-94.9872,35.87339,Tribal Office,United Keetoowah Band of Cherokee Indians in Oklahoma,,-10573926.4999,4283213.4897
Upper Mattaponi Tribe,The Upper Mattaponi Indian Tribe,Tribe,,W. Frank,,Adams,,,Chief,Eastern,Eastern Regional Office,"Upper Mattaponi Tribal Grounds, 13476 King William Road",King William,Virginia,23086,(804) 769-0041,,info@umitribe.org; admin@umitribe.org;chief@umitribe.org,https://umitribe.org/,13476 King William Road,King William,Virginia,23086,,,Newly recognized in January 2018 by Legislation signed by the President,,Eastern States,,Region 5 - Northeast,,Northeast,Northeast,,Land Area Representation,-77.11431,37.73264,Tribal Office,Upper Mattaponi,,-8584325.8579,4541725.7966
"Upper Sioux Community, Minnesota",,Tribe,,Kevin,,Jensvold,,,Chairman,Midwest,Midwest Regional Office,5722 Travers Lane,Granite Falls,Minnesota,56241,(320) 564-6372,(320) 564-4482,kevinj@uppersiouxcommunity-nsn.gov,https://www.uppersiouxcommunity-nsn.gov/,P.O. Box 147,Granite Falls,Minnesota,56241,2021-05-18 00:00:00,2025-05-10 00:00:00,"2nd Saturday in May, every 4 years",,Eastern States,,Region 3 - Midwest,,Midwest,Midwest,,Land Area Representation,-95.49603,44.74726,Tribal Office,Upper Sioux,,-10630569.7341,5581819.6831
Upper Skagit Indian Tribe,,Tribe,,Jennifer,R,Washington,,,Chairwoman,Northwest,Puget Sound Agency,25944 Community Plaza Way,Sedro Woolley,Washington,98284,(360) 854-7090,(360) 854-7004,jenniferw@upperskagit.com,https://upperskagittribe-nsn.gov/,25944 Community Plaza Way,Sedro Woolley,Washington,98284,2022-06-11 00:00:00,2026-06-13 00:00:00,"Annual, June, Second Saturday (Chair, Annual)",,Oregon/Washington,Columbia-Pacific Northwest,Region 1 - Pacific,,Pacific West,Northwest,,Land Area Representation,-122.185,48.53925,Tribal Office,Upper Skagit,,-13601575.1107,6197040.8668
"Ute Indian Tribe of the Uintah & Ouray Reservation, Utah",,Tribe,,Shaun,,Chapoose,,,Chairman,Western,Uintah & Ouray Agency,6964 E 1000 South,Ft. Duchesne,Utah,84026,(435) 722-5141,(435) 722-2374,shaunc@utetribe.com,https://utetribe.com/,P.O. Box 190,Ft. Duchesne,Utah,84026,2025-05-12 00:00:00,2027-05-12 00:00:00,,,Utah,Upper Colorado,Region 6 - Mountain-Prairie,Southern Rockies,Intermountain,Southwest,,Land Area Representation,-109.869,40.28271,Tribal Office,Ute,,-12230563.2045,4907109.9695
Ute Mountain Ute Tribe,,Tribe,,Selwyn,,Whiteskunk,,,Chairman,Southwest,Ute Mountain Ute Agency,125 Mike Wash Road Tribal Complex,Towaoc,Colorado,81334,(970) 564-5600,(970) 565-5790,selwyn.whiteskunk@utemountain.org,https://www.utemountainutetribe.com/,P.O. Box JJ,Towaoc,Colorado,81334,,,,,Colorado,Upper Colorado,Region 6 - Mountain-Prairie,Southern Rockies,Intermountain,Southwest,,Land Area Representation,-108.729,37.20227,Tribal Office,Ute Mountain,,-12103656.5026,4467337.7809
"Utu Utu Gwaitu Paiute Tribe of the Benton Paiute Reservation, California",Benton Paiute Reservation,Tribe,,Shane,,Saulque,,,Chairman,Pacific,Central California Agency,555 Yellow Jacket Road,Benton,California,93512,(760) 933-2321,(760) 933-2412,s.saulque@bentontribe.org,https://www.bentonpaiutereservation.org/,"25669 Highway 6, PMB 1",Benton,California,93512,2020,,Contact Tribe for updated election information.  Actual election date consult Central California Agency.,,California,Lower Colorado,Region 8 - Pacific Southwest,,Pacific West,Pacific,,Land Area Representation,-118.5245,37.79629,Tribal Office,Benton,,-13194084.764,4550688.5188
Village of Alakanuk,Alakanuk Traditional Council,Tribe,,Raymond,J.,Oney,,,President,Alaska,Alaska Regional Office,68 Osier Street,Alakanuk,Alaska,99554,(907) 238-3419,(907) 238-3429,auktc0149@gmail.com,,P.O. Box 149,Alakanuk,Alaska,99554,2024-10-01 00:00:00,2027-10-31 00:00:00,Election is first Tuesday in October,Calista Corp.,Alaska,,Region 7 - Alaska,Western Alaska,Alaska,Alaska,Yukon-Kuskokwim Delta,Alaska Native Village,-164.6575,62.68319,Tribal Office,Alakanuk,,-18329594.2873,9022987.2523
Village of Anaktuvuk Pass,Naqsragmiut Tribe,Tribe,,Charles,,Hugo,,,President,Alaska,Fairbanks Agency,306 Mekiana Road,Anaktuvuk Pass,Alaska,99721,(907) 661-2575,(907) 661-2576,naqsragmiuttribe@gmail.com,https://www.north-slope.org/our-communities/anaktuvuk-pass/,P.O. Box 21170,Anaktuvuk Pass,Alaska,99721,2022-10-04 00:00:00,2024-10-04 00:00:00,,Arctic Slope Regional Corp.,Alaska,,Region 7 - Alaska,Arctic,Alaska,Alaska,North Slope,Alaska Native Village,-151.7325,68.1423,Tribal Office,Anaktuvuk Pass,,-16890781.0412,10489413.018
Village of Aniak,Aniak Traditional Council,Tribe,,Jeanette,,Hoffman,,,Chief,Alaska,Alaska Regional Office,1 Community Hall Rd,Aniak,Alaska,99557,(907) 675-4349,(907) 675-4513,aniaktribe88@yahoo.com,,P.O. Box 349,Aniak,Alaska,99557,2022-11-10 00:00:00,2024-11-10 00:00:00,Election listed as year; Chief's term ends 2024.,Calista Corp.,Alaska,,Region 7 - Alaska,Northwest Boreal,Alaska,Alaska,Western Interior,Alaska Native Village,-159.5673,61.58138,Tribal Office,Aniak,,-17762949.6148,8760554.8499
Village of Atmautluak,,Tribe,,Pauline,,Waska,,,President,Alaska,Alaska Regional Office,52 Village Road,Atmautluak,Alaska,99559,(907) 553-5610,(907) 553-5612/5150,atmautluaktc@gmail.com,,P.O. Box 6548,Atmautluak,Alaska,99559,2021-11-24 00:00:00,2024-11-24 00:00:00,,Calista Corp.,Alaska,,Region 7 - Alaska,Western Alaska,Alaska,Alaska,Yukon-Kuskokwim Delta,Alaska Native Village,-162.2782,60.85638,Tribal Office,Atmautluak,,-18064721.3032,8592921.198
Village of Bill Moore's Slough,,Tribe,,Wayne,A.,Okitkun,,,President,Alaska,Alaska Regional Office,2nd  and Curry Street,Kotlik,Alaska,99620,(907) 899-4232,(907) 899-2261,bms99620@gmail.com,,P.O. Box 20288,Kotlik,Alaska,99620,2024-01-01 00:00:00,2026-12-31 00:00:00,Election listed as month/year.,Calista Corp.,Alaska,,Region 7 - Alaska,Western Alaska,Alaska,Alaska,Yukon-Kuskokwim Delta,Alaska Native Village,-163.5508,63.03269,Tribal Office,Bill Moore's Slough,,-18206395.2591,9108271.0307
Village of Chefornak,Chefornak Traditional Council,Tribe,,Janet,,Erik,,,President,Alaska,Alaska Regional Office,110 Lake Road,Chefornak,Alaska,99561,(907) 867-8850,(907) 867-8711,presidentchefornaktc@gmail.com,,P.O. Box 110,Chefornak,Alaska,99561,2022-01-13 00:00:00,2026-01-26 00:00:00,Election listed as month/year,Calista Corp.,Alaska,,Region 7 - Alaska,Western Alaska,Alaska,Alaska,Yukon-Kuskokwim Delta,Alaska Native Village,-164.2811,60.15822,Tribal Office,Chefornak,,-18287686.4175,8435048.8789
Village of Clarks Point,,Tribe,,Henry,,Wassily,Sr.,,President,Alaska,Alaska Regional Office,114 Swamp Street,Clarks Point,Alaska,99569,(907)843-2837,,tribaladministrator@clpvc.org,https://www.clarkspointvillagecouncil.org/,P.O. Box 90,Clarks Point,Alaska,99569,2023-01-26 00:00:00,2026-01-31 00:00:00,Election listed as month and year,Bristol Bay Native Corp.,Alaska,,Region 7 - Alaska,Western Alaska,Alaska,Alaska,Bristol Bay,Alaska Native Village,-158.5461,58.83438,Tribal Office,Clark's Point,,-17649272.6296,8144675.8815
Village of Crooked Creek,Crooked Creek Traditional Council,Tribe,,Ronald,N.,Underwood,Sr.,,President,Alaska,Alaska Regional Office,401 Main Street,Crooked Creek,Alaska,99575,(907) 432-2200,(907) 432-2201,crookedcreektraditionalcouncil@gmail.com,,P.O. Box 69,Crooked Creek,Alaska,99575,2023-10-15 00:00:00,2027-10-15 00:00:00,Election listed as month/year.,Calista Corp.,Alaska,,Region 7 - Alaska,Northwest Boreal,Alaska,Alaska,Western Interior,Alaska Native Village,-158.1119,61.86966,Tribal Office,Crooked Creek,,-17600940.4822,8828302.7878
Village of Dot Lake,,Tribe,,Tracy,,Charles-Smith,,,President,Alaska,Fairbanks Agency,7 Charles Street,Dot Lake,Alaska,99737,(907) 882-2695,(907) 882-5558,council@dotlakevillage.org,https://www.dotlakevillage.org/,P.O. Box 70488,Fairbanks,Alaska,99701,2022-07-01 00:00:00,2029-07-01 00:00:00,Three year term,Doyon Ltd.,Alaska,,Region 7 - Alaska,Northwest Boreal,Alaska,Alaska,Eastern Interior,Alaska Native Village,-144.058,63.66037,Tribal Office,Dot Lake,,-16036464.6163,9264038.0488
Village of Iliamna,,Tribe,,Timothy,,Anelon,Sr.,,President,Alaska,Alaska Regional Office,Quarter Mile Safety Hill,Iliamna,Alaska,99606,(907) 571-1246,(907) 571-3539,ivc@iliamnavc.org; louise.anelon@iliamnavc.org,https://www.villageofiliamna.org/,P.O. Box 286,Iliamna,Alaska,99606,2019-11-02 00:00:00,2025-11-02 00:00:00,Three year term.,Bristol Bay Native Corp.,Alaska,,Region 7 - Alaska,Western Alaska,Alaska,Alaska,Bristol Bay,Alaska Native Village,-154.821,59.76075,Tribal Office,Iliamna,,-17234599.8824,8346663.0217
Village of Kalskag,Native Village of Kalskag,Tribe,,Julia,,Dorris,,,President,Alaska,Alaska Regional Office,Lot 1 Block 1 Tract B (MFB),Kalskag,Alaska,99607,(907) 471-2207,(907) 471-2399,"kalskagtribal@yahoo.com,",,P.O. Box 50,Kalskag,Alaska,99607,2018-10-02 00:00:00,,,Calista Corp.,Alaska,,Region 7 - Alaska,Northwest Boreal,Alaska,Alaska,Yukon-Kuskokwim Delta,Alaska Native Village,-160.3124,61.53714,Tribal Office,Kalskag,,-17845897.3741,8750216.1131
Village of Kaltag,,Tribe,,Calvin,,McGinty,,,First Chief,Alaska,Alaska Regional Office,100 6th Avenue,Kaltag,Alaska,99748,(907) 534-2224,(907) 534-2299,administrator@kaltagtribe.com,https://www.kaltagtribe.com/,P.O. Box 129,Kaltag,Alaska,99748,2023-10-30 00:00:00,2025-10-30 00:00:00,2 year term; election listed as month/year.,Doyon Ltd.,Alaska,,Region 7 - Alaska,Northwest Boreal,Alaska,Alaska,Western Interior,Alaska Native Village,-158.7245,64.32659,Tribal Office,Kaltag,,-17669132.8623,9433187.9733
Village of Kotlik,,Tribe,,Theresa,M.,Prince,,,Tribal President,Alaska,Alaska Regional Office,2nd & Curry Street,Kotlik,Alaska,99620,(907) 899-4326/4836,(907) 899-4790,4836kotliktc@gmail.com,,P.O. Box 20210,Kotlik,Alaska,99620,2022-11-01 00:00:00,2024-12-31 00:00:00,Three Year Term,Calista Corp.,Alaska,,Region 7 - Alaska,Western Alaska,Alaska,Alaska,Yukon-Kuskokwim Delta,Alaska Native Village,-163.5514,63.03254,Tribal Office,Kotlik,,-18206454.2362,9108234.084
Village of Lower Kalskag,,Tribe,,Sarah,,Levi,,,Vice-President,Alaska,Alaska Regional Office,27 Boundary Street,Lower Kalskag,Alaska,99626,(907) 471-2300,(907) 471-2378,villageoflowertribal@gmail.com; lowertclerk@gmail.com,,P.O. Box 27,Lower Kalskag,Alaska,99626,03/2022,2025-10-07 00:00:00,election listed as month/year.,Calista Corp.,Alaska,,Region 7 - Alaska,Northwest Boreal,Alaska,Alaska,Yukon-Kuskokwim Delta,Alaska Native Village,-160.3646,61.51279,Tribal Office,Lower Kalskag,,-17851703.1865,8744530.9602
Village of Ohogamiut,,Tribe,,William,,Andrew,,,President,Alaska,Alaska Regional Office,49 Poltes Avenue,Marshall,Alaska,99585,(907) 679-6517,(907) 679-6516,admin@ohogtc.net; jwisaac@ohogtc.net,,P.O. Box 49,Marshall,Alaska,99585,,,President's term ends 2022.,Calista Corp.,Alaska,,Region 7 - Alaska,Western Alaska,Alaska,Alaska,Yukon-Kuskokwim Delta,Alaska Native Village,-162.0844,61.87755,Tribal Office,Ohogamiut,,-18043157.5601,8830165.6288
Village of Red Devil,,Tribe,,Christine Dixon,,Vice-President,,,Secretary,Alaska,Alaska Regional Office,"2339 S Benteh Place, Unit A",Wasilla,Alaska,99654,(907) 312-8822,,reddeviltribeadmin@gmail.com,,,,Alaska,,2026-04-20 00:00:00,2027-04-20 00:00:00,,Calista Corp.,Alaska,,Region 7 - Alaska,Northwest Boreal,Alaska,Alaska,Western Interior,Alaska Native Village,-157.3416,61.78555,City Center,Red Devil,,-17515184.7008,8808470.9575
Village of Sleetmute,Sleetmute Traditional Council,Tribe,,Marie,,Yako,,,President,Alaska,Alaska Regional Office,109 Main Street,Sleetmute,Alaska,99668,(907) 449-4263,(907) 449-4265,slqtraditionalcouncil@gmail.com; terrencemorgan@sleetmutetc.com,,P.O. Box 109,Sleetmute,Alaska,99668,2026-01-16 00:00:00,2028-01-16 00:00:00,Two-year term.,Calista Corp.,Alaska,,Region 7 - Alaska,Northwest Boreal,Alaska,Alaska,Western Interior,Alaska Native Village,-157.1715,61.70267,City Center,Sleetmute,,-17496248.2008,8788981.9215
Village of Solomon,,Tribe,,Kirsten,,Timbers,,,President,Alaska,Fairbanks Agency,Corner of Nathan Barron Alley & G Street,Nome,Alaska,99762,(907) 443-4985,(907) 443-5189,tc.sol@kawerak.org,https://www.villageofsolomon.org/,P.O. Box 2053,Nome,Alaska,99762,2024-08-09 00:00:00,2027-08-09 00:00:00,Three year term ends 2024.,Bering Straits Native Corp.,Alaska,,Region 7 - Alaska,Western Alaska,Alaska,Alaska,Seward Peninsula,Alaska Native Village,-165.4064,64.50114,Tribal Office,Solomon,,-18412961.3228,9478179.7457
Village of Stony River,,Tribe,,Sheila,,Willis,,,President,Alaska,Alaska Regional Office,7 Birch Road,Stony River,Alaska,,(907) 537-3258,(907) 537-3254,stony.river@yahoo.com,,P.O. Box SRV,Stony River,Alaska,99557,2024-10-01 00:00:00,,1 year term,Calista Corp.,Alaska,,Region 7 - Alaska,Northwest Boreal,Alaska,Alaska,Western Interior,Alaska Native Village,-156.5848,61.78915,Tribal Office,Stony River,,-17430936.1755,8809319.2152
Village of Venetie (See Native Village of Venetie Tribal Government),,Tribe,,Karlas,,Norman,,,First Chief,Alaska,Fairbanks Agency,110 Woodyard Way,Venetie,Alaska,99781,(907) 849-8212,N/A,venetie2024@outlook.com,,P.O. Box 81119,Venetie,Alaska,99781,2025-09-15 00:00:00,2027-09-15 00:00:00,First Chief has two-year term.,Doyon Ltd.,Alaska,,Region 7 - Alaska,Northwest Boreal,Alaska,Alaska,Eastern Interior,Alaska Native Village,-146.4239,67.01706,Tribal Office,Venetie,,-16299834.4778,10160920.6395
Village of Wainwright,,Tribe,,John,,Hopson,Jr.,,President,Alaska,Fairbanks Agency,1212 Airport Road,Wainwright,Alaska,99782,(907) 763-2535,(907) 763-2576,wainwright@vowak.org,https://www.north-slope.org/our-communities/wainwright/,143,Wainwright,Alaska,99782,2024-11-07 00:00:00,2027-11-01 00:00:00,"3 year term, election listed as month and year",Arctic Slope Regional Corp.,Alaska,,Region 7 - Alaska,Arctic,Alaska,Alaska,North Slope,Alaska Native Village,-160.0336,70.63838,Tribal Office,Wainwright,,-17814858.665,11279745.7609
"Walker River Paiute Tribe of the Walker River Reservation, Nevada",,Tribe,,Melanie,,McFalls,,,Chairwoman,Western,Western Nevada Agency,1022 Hospital Rd,Schurz,Nevada,89427,(775) 773-2306,(775) 773-2585,Mmcfalls@wrpt.org,https://www.wrpt.org/,P.O. Box 220,Schurz,Nevada,89427,2024-12-12 00:00:00,2028-12-12 00:00:00,,,Nevada,California-Great Basin,Region 8 - Pacific Southwest,,Pacific West,Pacific,,Land Area Representation,-118.8148,38.95355,Tribal Office,Walker River,,-13226400.0959,4715020.5131
Wampanoag Tribe of Gay Head (Aquinnah),,Tribe,,Kevin,,Devine,,,Chairman,Eastern,Eastern Regional Office,20 Black Brook Road,Aquinnah,Massachusetts,02535,(508) 645-9265,(508) 645-3790,chair@wampanoagtribe-nsn.gov,https://wampanoagtribe-nsn.gov/,20 Black Brook Road,Aquinnah,Massachusetts,02535,2025-12-01 00:00:00,2028-12-01 00:00:00,,,Eastern States,,Region 5 - Northeast,,Northeast,Northeast,,Land Area Representation,-70.7997,41.33127,Tribal Office,Wampanoag,,-7881386.3163,5061327.1405
Washoe Tribe of Nevada & California (Carson Colony),,"Affiliate (band, community, village, island, etc...)",,Gary,,Nevers,,,Chairman,Western,Western Nevada Agency,,,,,,,,https://washoetribe.us/,,,,,,,,,Nevada,California-Great Basin,Region 8 - Pacific Southwest,,Pacific West,Pacific,,Land Area Representation,-119.7055,38.90464,Tribal Office,Carson,,-13325554.2031,4708021.2897
"Washoe Tribe of Nevada & California (Carson Colony, Dresslerville Colony, Woodfords Community, Stewart Community, & Washoe Ranches)",,Tribe,,Serrell,,Smokey,,,Chairman,Western,Western Nevada Agency,919 US Highway 395 North,Gardnerville,Nevada,89410,(775) 265-8600,(775) 265-6240,serrell.smokey@washoetribe.us,https://washoetribe.us/,919 US Highway 395 North,Gardnerville,Nevada,89410,,,,,Nevada,California-Great Basin,Region 8 - Pacific Southwest,,Pacific West,Pacific,,Land Area Representation,-119.7055,38.90464,Tribal Office,Washoe,,-13325554.2031,4708021.2897
Washoe Tribe of Nevada & California (Dresslerville Colony),,"Affiliate (band, community, village, island, etc...)",,Patrick,,Burtt,,,Chairman,Western,Western Nevada Agency,,,,,,,,https://washoetribe.us/,,,,,,,,,Nevada,California-Great Basin,Region 8 - Pacific Southwest,,Pacific West,Pacific,,Land Area Representation,-119.7055,38.90464,Tribal Office,Dresslerville,,-13325554.2031,4708021.2897
Washoe Tribe of Nevada & California (Stewart Community),,"Affiliate (band, community, village, island, etc...)",,Darienne,,Tenorio,,,Chairman,Western,Western Nevada Agency,,,,,,,,https://washoetribe.us/,,,,,,,,,Nevada,California-Great Basin,Region 8 - Pacific Southwest,,Pacific West,Pacific,,Land Area Representation,-119.7055,38.90464,Tribal Office,Steward,,-13325554.2031,4708021.2897
Washoe Tribe of Nevada & California (Washoe Ranches),,"Affiliate (band, community, village, island, etc...)",,,,,,,,Western,Western Nevada Agency,,,,,,,,https://washoetribe.us/,,,,,,,,,Nevada,California-Great Basin,Region 8 - Pacific Southwest,,Pacific West,Pacific,,Land Area Representation,-119.7055,38.90464,Tribal Office,Washoe Ranches,,-13325554.2031,4708021.2897
Washoe Tribe of Nevada & California (Woodfords Community),,"Affiliate (band, community, village, island, etc...)",,Geoff,,Ellis,,,Chairman,Western,Western Nevada Agency,,,,,,,,https://washoetribe.us/,,,,,,,,,Nevada,California-Great Basin,Region 8 - Pacific Southwest,,Pacific West,Pacific,,Land Area Representation,-119.7055,38.90464,Tribal Office,Woodfords,,-13325554.2031,4708021.2897
"White Mountain Apache Tribe of the Fort Apache Reservation, Arizona",,Tribe,,Orlando,,Carroll,,,Chairman,Western,Fort Apache Agency,201 East Walnut Street,Whiteriver,Arizona,85941,(928) 338-2501,(928) 338-1514,OrlandoCarroll@wmat.us,http://www.wmat.us,P.O. Box 700,Whiteriver,Arizona,85941,,,,,Arizona,Lower Colorado,Region 2 - Southwest,,Intermountain,Southwest,,Land Area Representation,-109.9622,33.8368,Tribal Office,White Mountain,,-12240941.6542,4006909.709
"Wichita and Affiliated Tribes (Wichita, Keechi, Waco, & Tawakonie), Oklahoma",,Tribe,,Amber,,Silverhorn-Wolfe,,,President,Southern Plains,Anadarko Agency,1 1/4 Mile North of Anadarko on Highway 281,Anadarko,Oklahoma,73005,(405) 247-2425,(405) 247-2430,amber.silverhorn-wolfe@wichitatribe.com,https://wichitatribe.com/,P.O. Box 729,Anadarko,Oklahoma,73005,2024-07-20 00:00:00,2028-07-15 00:00:00,,,New Mexico,Missouri Basin,Region 2 - Southwest,,Intermountain,Southwest,,Tribal Statistical Area,-98.25262,35.09692,Tribal Office,Wichita,,-10937431.2802,4177060.5187
"Wilton Rancheria, California",,Tribe,,Jesus,,Tarango,Jr.,,Chairman,Pacific,Central California Agency,9728 Kent Street,Elk Grove,California,95624,(916) 683-6000,(916) 683-6015,tribaloffice@wiltonrancheria-nsn.gov,https://wiltonrancheria-nsn.gov/,9728 Kent Street,Elk Grove,California,95624,2020-06-13 00:00:00,2024-06-08 00:00:00,,,California,California-Great Basin,Region 8 - Pacific Southwest,California,Pacific West,Pacific,,Land Area Representation,-121.3598,38.40395,Tribal Office,Wilton,,-13509709.6916,4636648.0394
Winnebago Tribe of Nebraska,,Tribe,,Coly,,Brown,,,Chairperson,Great Plains,Winnebago Agency,100 Bluff Street,Winnebago,Nebraska,68071,(402) 878-2272,(402) 878-2963,coly.brown@winnebagotribe.com,https://winnebagotribe.com/,P.O. Box 687,Winnebago,Nebraska,68071,10/2020,10/2022,,,Wyoming,Missouri Basin,Region 6 - Mountain-Prairie,Eastern Tallgrass Prairie and Big Rivers,Midwest,Midwest,,Land Area Representation,-96.47276,42.23621,Tribal Office,Winnebago,,-10739298.8593,5196427.8981
Winnemucca Indian Colony of Nevada,,Tribe,,Eric,,Magiera,,,Chairman,Western,Western Nevada Agency,433 West Plumb Ln,Reno,Nevada,89509,(775) 329-5800,Not Available,emagiera@winnemuccaindiancolony.org,https://winnemuccaindiancolony.org/,433 West Plumb Lane,Reno,Nevada,89509,,,,,Nevada,California-Great Basin,Region 8 - Pacific Southwest,,Pacific West,Pacific,,Land Area Representation,-119.8123,39.50645,Tribal Office,Winnemucca,,-13337445.262,4794477.5646
"Wiyot Tribe, California",Table Bluff Rancheria,Tribe,,Brian,,Mead,,,Chairperson,Pacific,Northern California Agency,1000 Wiyot Drive,Loleta,California,95551,(707) 733-5055,(707) 733-5601,michelle@wiyot.us,https://www.wiyot.us/,1000 Wiyot Drive,Loleta,California,95551,2024-10-04 00:00:00,2028-10-01 00:00:00,Actual election date refer to Tribe or Northern California Agency.,,California,California-Great Basin,Region 8 - Pacific Southwest,,Pacific West,Pacific,,Land Area Representation,-124.2533,40.68939,Tribal Office,Wiyot,,-13831812.7829,4966633.8987
Wrangell Cooperative Association,,Tribe,,Edward,,Rilatos,,,President,Alaska,Alaska Regional Office,"1002 Zimovia Highway, Box 2021",Wrangell,Alaska,99929,(907) 874-4304,,wcatribe@gmail.com; albertrinehart.wca@gmail.com,https://www.wcatribe.org/,P.O. Box 2021,Wrangell,Alaska,99929,2024-02-22 00:00:00,2026-02-22 00:00:00,1 year term,Sealaska Corp.,Alaska,,Region 7 - Alaska,North Pacific,Alaska,Alaska,Southeast,Alaska Native Village,-132.3754,56.4627,Tribal Office,Wrangell,,-14735965.1494,7651082.2088
Wyandotte Nation,Wyandotte,Tribe,,Billy,,Friend,,,Chief,Eastern Oklahoma,Miami Agency,8 Turtle Drive,Wyandotte,Oklahoma,74370,(918) 678-2297,(918) 678-2944,bfriend@wyandotte-nation.org,https://wyandotte-nation.org/,64700 East Highway 60,Wyandotte,Oklahoma,74370,2025-09-13 00:00:00,2029-09-08 00:00:00,,,New Mexico,Missouri Basin,Region 2 - Southwest,Eastern Tallgrass Prairie and Big Rivers,Intermountain,Southwest,,Tribal Statistical Area,-94.72719,36.80045,Tribal Office,Wyandotte Nation,,-10544982.3447,4411328.914
Yakutat Tlingit Tribe,,Tribe,,Cynthia,,Petersen,,,President,Alaska,Alaska Regional Office,606 Forest Highway 10,Yakutat,Alaska,99689,(907) 784-3238,(907) 784-3595,admin@ytttribe.org; cpetersen@yttcouncil.org,https://yakutattlingittribe.org/,P.O. Box 418,Yakutat,Alaska,99689,2025-11-13 00:00:00,2026-11-01 00:00:00,"Election occurs in the month of November, 2 year term.",Sealaska Corp.,Alaska,,Region 7 - Alaska,North Pacific,Alaska,Alaska,Southeast,Alaska Native Village,-139.7251,59.54641,Tribal Office,Yakutat,,-15554121.5727,8299435.0061
Yankton Sioux Tribe of South Dakota,,Tribe,,Chelaine,,Knudsen,,,Chairperson,Great Plains,Yankton Agency,"800 Main, SW",Wagner,South Dakota,57380,(605) 384-3641,(605) 384-5687,cknudsen@yanktonsiouxtribe.net,https://www.yanktonsiouxtribe.net/,P.O. Box 1153,Wagner,South Dakota,57380,9/2021,9/2023,,,Montana/Dakotas,Missouri Basin,Region 6 - Mountain-Prairie,,Midwest,Midwest,,Land Area Representation,-98.29382,43.07367,Tribal Office,Yankton,,-10942018.3512,5323192.3983
"Yavapai-Apache Nation of the Camp Verde Indian Reservation, Arizona",,Tribe,,Buddy,Jr.,Rocha,,,Chairman,Western,Truxton Canon Agency,2400 W. Datsi Street,Camp Verde,Arizona,86322,(928) 567-3649,(928) 567-3994,brochajr@yan-tribe.org,https://yavapai-apache.org/,2400 W. Datsi Street,Camp Verde,Arizona,86322,,,,,Arizona,Lower Colorado,Region 2 - Southwest,,Intermountain,Southwest,,Land Area Representation,-111.8923,34.62748,Tribal Office,Yavapai-Apache,,-12455794.2493,4113372.1506
Yavapai-Prescott Indian Tribe,,Tribe,,Robert,,Ogo,,,President,Western,Truxton Canon Agency,530 E Merritt St.,Prescott,Arizona,86301,(928) 445-8790,(928) 778-9445,bogo@ypit.com,https://www.ypit.com/about_ypit.htm,530 E Merritt St.,Prescott,Arizona,86301,,,,,Arizona,Lower Colorado,Region 2 - Southwest,,Intermountain,Southwest,,Land Area Representation,-112.4658,34.55696,Tribal Office,Yavapai-Prescott,,-12519633.6062,4103835.7313
"Yerington Paiute Tribe of the Yerington Colony & Campbell Ranch, Nevada",,Tribe,,Ginny,,Hatch,,,Chairman,Western,Western Nevada Agency,171 Campbell Lane,Yerington,Nevada,89447,(775) 783-0202,(775) 463-2416,chairman@ypt-nsn.gov,https://yeringtonpaiute.us/,171 Campbell Lane,Yerington,Nevada,89447,,,,,Nevada,California-Great Basin,Region 8 - Pacific Southwest,,Pacific West,Pacific,,Land Area Representation,-119.1862,39.07052,Tribal Office,Yerington,,-13267746.5815,4731777.7808
"Yocha Dehe Wintun Nation, California",Rumsey Rancheria,Tribe,,Anthony,,Roberts,,,Chairman,Pacific,Central California Agency,18960 Country Road 75A,Brooks,California,95606,(530) 796-3400,(530) 796-2143,info@yochadehe-nsn.gov,https://yochadehe.gov/,P.O. Box 18,Brooks,California,95606,2024-01-21 00:00:00,2027-01-21 00:00:00,,,California,California-Great Basin,Region 8 - Pacific Southwest,California,Pacific West,Pacific,,Land Area Representation,-122.1557,38.75969,Tribal Office,Yocha Dehe,,-13598309.5534,4687307.9002
"Yomba Shoshone Tribe of the Yomba Reservation, Nevada",,Tribe,,,,,,,,Western,Western Nevada Agency,1 Newe Rd,Austin,Nevada,89310,(775) 964-6020,(775) 964-2443,,https://www.yombatribe.com/,"HC61, Box 6275",Austin,Nevada,89310,,,Tribal leadership is unclear.,,Nevada,California-Great Basin,Region 8 - Pacific Southwest,,Pacific West,Pacific,,Land Area Representation,-117.471,38.99342,Tribal Office,Yomba Shoshone,,-13076811.9809,4720729.0377
Ysleta del Sur Pueblo,,Tribe,,E. Michael,,Silvas,,,Governor,Southwest,Southern Pueblos Agency,119 S. Old Pueblo Road,El Paso,Texas,79907,(915) 859-8053,(915) 859-4252,michael.silvas@ydsp-nsn.gov,https://www.ysletadelsurpueblo.org/,P.O. Box 17579 - Ysleta Station,El Paso,Texas,79917,,,,,New Mexico,Upper Colorado,Region 2 - Southwest,,Intermountain,Southwest,,Land Area Representation,-106.3258,31.69045,Tribal Office,Ysleta del Sur,,-11836129.4503,3722745.9543
"Yuhaaviatam of San Manuel Nation (previously listed as San Manuel Band of Mission Indians, California)",Yuhaaviatam of San Manuel Nation,Tribe,,Lynn,,Valbuena,,,Chairperson,Pacific,Southern California Agency,26569 Community Center Drive,Highland,California,92346,(909) 864-8933,(909) 864-3370,amanda.acosta@sanmanuel-nsn.gov,https://www.sanmanuel-nsn.gov/,26569 Community Center Drive,Highland,California,92346,2022-04-13 00:00:00,2024-04-13 00:00:00,Election details contact Tribe or Southern California Agency.,,California,Lower Colorado,Region 8 - Pacific Southwest,California,Pacific West,Pacific,,Land Area Representation,-117.2176,34.15099,Tribal Office,Yuhaaviatam,,-13048605.8595,4049093.7822
Yupiit of Andreafski,,Tribe,,Geraldine,,Beans,Sr.,,President,Alaska,Alaska Regional Office,88 Westdahl Street,Saint Marys,Alaska,99658,(907) 438-2312,(907) 438-2512,yupiit.of.andreafski@gmail.com,,P.O. Box 88,St. Mary's,Alaska,99658,2024-07-09 00:00:00,2025-01-11 00:00:00,3 year term; election listed as month/year.,Calista Corp.,Alaska,,Region 7 - Alaska,Western Alaska,Alaska,Alaska,Yukon-Kuskokwim Delta,Alaska Native Village,-163.1735,62.05178,Tribal Office,Andreafski,,-18164386.6897,8871430.406
"Yurok Tribe of the Yurok Reservation, California",,Tribe,,Joseph,L.,James,,,Chairperson,Pacific,Pacific Regional Office,190 Klamath Boulevard,Klamath,California,95548,(707) 482-1350,(707) 482-1377,"council@yuroktribe.nsn.gov, gmyers@yuroktribe.nsn.us",https://www.yuroktribe.org/,P.O. Box 1027,Klamath,California,95548,2018-11-07 00:00:00,2021-11-07 00:00:00,Actual election date TBD.,,California,California-Great Basin,Region 8 - Pacific Southwest,,Pacific West,Pacific,,Land Area Representation,-124.0377,41.52942,Tribal Office,Yurok,,-13807812.4009,5090746.7
"Zuni Tribe of the Zuni Reservation, New Mexico",Ashiwi,Tribe,,Arden,L.,Kucate,,,Governor,Southwest,Zuni Agency,1203B State Highway 53,Zuni,New Mexico,87327,(505) 782-7022,(505) 782-7202,arden.kucate@ashiwi.org,https://www.ashiwi.org/,P.O. Box 339,Zuni,New Mexico,87327,,,,,New Mexico,Lower Colorado,Region 2 - Southwest,Southern Rockies,Intermountain,Southwest,,Land Area Representation,-108.8462,35.07054,Tribal Office,Zuni,,-12116705.1507,4173471.5727
